dataset,s,r,tree_build_ms,prog_time_ms,num_leaves,clique_index_ms,max_rss_kb,exit_status,cmd,timestamp
/data1/wenqianz/com-dblp.edges,1,3,690.473,1008.0,479496.0,,1731720.0,0.0,./build/bin/degeneracy_cliques /data1/wenqianz/com-dblp.edges 1 3,2025-08-31 02:06:39
/data1/wenqianz/com-dblp.edges,1,4,662.786,604.0,247029.0,,959588.0,0.0,./build/bin/degeneracy_cliques /data1/wenqianz/com-dblp.edges 1 4,2025-08-31 02:06:42
/data1/wenqianz/com-dblp.edges,1,5,642.616,340.0,123565.0,,542364.0,0.0,./build/bin/degeneracy_cliques /data1/wenqianz/com-dblp.edges 1 5,2025-08-31 02:06:45
/data1/wenqianz/com-dblp.edges,1,6,635.896,208.0,66739.0,,348488.0,0.0,./build/bin/degeneracy_cliques /data1/wenqianz/com-dblp.edges 1 6,2025-08-31 02:06:46
/data1/wenqianz/com-dblp.edges,1,7,624.013,143.0,40000.0,,255948.0,0.0,./build/bin/degeneracy_cliques /data1/wenqianz/com-dblp.edges 1 7,2025-08-31 02:06:48
/data1/wenqianz/com-dblp.edges,1,8,622.48,106.0,26257.0,,207716.0,0.0,./build/bin/degeneracy_cliques /data1/wenqianz/com-dblp.edges 1 8,2025-08-31 02:06:50
/data1/wenqianz/com-dblp.edges,1,9,565.015,72.0,18537.0,,180220.0,0.0,./build/bin/degeneracy_cliques /data1/wenqianz/com-dblp.edges 1 9,2025-08-31 02:06:51
/data1/wenqianz/com-dblp.edges,1,10,496.023,61.0,13829.0,,163068.0,0.0,./build/bin/degeneracy_cliques /data1/wenqianz/com-dblp.edges 1 10,2025-08-31 02:06:52
/data1/wenqianz/com-dblp.edges,1,11,619.492,66.0,10730.0,,151660.0,0.0,./build/bin/degeneracy_cliques /data1/wenqianz/com-dblp.edges 1 11,2025-08-31 02:06:54
/data1/wenqianz/com-dblp.edges,1,12,507.04,49.0,8574.0,,143548.0,0.0,./build/bin/degeneracy_cliques /data1/wenqianz/com-dblp.edges 1 12,2025-08-31 02:06:55
/data1/wenqianz/com-dblp.edges,1,13,609.927,56.0,6995.0,,137304.0,0.0,./build/bin/degeneracy_cliques /data1/wenqianz/com-dblp.edges 1 13,2025-08-31 02:06:56
/data1/wenqianz/com-dblp.edges,1,14,615.517,53.0,5799.0,,133028.0,0.0,./build/bin/degeneracy_cliques /data1/wenqianz/com-dblp.edges 1 14,2025-08-31 02:06:58
/data1/wenqianz/com-dblp.edges,1,15,610.624,50.0,4895.0,,129368.0,0.0,./build/bin/degeneracy_cliques /data1/wenqianz/com-dblp.edges 1 15,2025-08-31 02:06:59
/data1/wenqianz/com-dblp.edges,1,16,612.673,49.0,4201.0,,127496.0,0.0,./build/bin/degeneracy_cliques /data1/wenqianz/com-dblp.edges 1 16,2025-08-31 02:07:00
/data1/wenqianz/com-dblp.edges,1,17,613.381,48.0,3654.0,,127048.0,0.0,./build/bin/degeneracy_cliques /data1/wenqianz/com-dblp.edges 1 17,2025-08-31 02:07:02
/data1/wenqianz/com-dblp.edges,1,18,609.734,47.0,3215.0,,126852.0,0.0,./build/bin/degeneracy_cliques /data1/wenqianz/com-dblp.edges 1 18,2025-08-31 02:07:03
/data1/wenqianz/com-dblp.edges,1,19,610.974,46.0,2844.0,,126508.0,0.0,./build/bin/degeneracy_cliques /data1/wenqianz/com-dblp.edges 1 19,2025-08-31 02:07:05
/data1/wenqianz/com-dblp.edges,1,20,583.209,38.0,2519.0,,126456.0,0.0,./build/bin/degeneracy_cliques /data1/wenqianz/com-dblp.edges 1 20,2025-08-31 02:07:06
/data1/wenqianz/com-dblp.edges,1,21,609.586,45.0,2230.0,,126076.0,0.0,./build/bin/degeneracy_cliques /data1/wenqianz/com-dblp.edges 1 21,2025-08-31 02:07:07
/data1/wenqianz/com-dblp.edges,1,22,615.621,45.0,1975.0,,125848.0,0.0,./build/bin/degeneracy_cliques /data1/wenqianz/com-dblp.edges 1 22,2025-08-31 02:07:09
/data1/wenqianz/com-dblp.edges,1,23,617.841,45.0,1754.0,,125532.0,0.0,./build/bin/degeneracy_cliques /data1/wenqianz/com-dblp.edges 1 23,2025-08-31 02:07:10
/data1/wenqianz/com-dblp.edges,1,24,611.127,44.0,1566.0,,125492.0,0.0,./build/bin/degeneracy_cliques /data1/wenqianz/com-dblp.edges 1 24,2025-08-31 02:07:12
/data1/wenqianz/com-dblp.edges,1,25,606.41,44.0,1395.0,,125228.0,0.0,./build/bin/degeneracy_cliques /data1/wenqianz/com-dblp.edges 1 25,2025-08-31 02:07:13
/data1/wenqianz/com-dblp.edges,1,26,610.202,44.0,1240.0,,125200.0,0.0,./build/bin/degeneracy_cliques /data1/wenqianz/com-dblp.edges 1 26,2025-08-31 02:07:14
/data1/wenqianz/com-dblp.edges,1,27,611.681,44.0,1100.0,,124896.0,0.0,./build/bin/degeneracy_cliques /data1/wenqianz/com-dblp.edges 1 27,2025-08-31 02:07:16
/data1/wenqianz/com-dblp.edges,1,28,607.731,43.0,975.0,,124884.0,0.0,./build/bin/degeneracy_cliques /data1/wenqianz/com-dblp.edges 1 28,2025-08-31 02:07:17
/data1/wenqianz/com-dblp.edges,1,29,611.94,43.0,866.0,,124892.0,0.0,./build/bin/degeneracy_cliques /data1/wenqianz/com-dblp.edges 1 29,2025-08-31 02:07:19
/data1/wenqianz/com-dblp.edges,1,30,608.695,43.0,769.0,,124832.0,0.0,./build/bin/degeneracy_cliques /data1/wenqianz/com-dblp.edges 1 30,2025-08-31 02:07:20
/data1/wenqianz/com-dblp.edges,2,4,660.151,1872.0,247029.0,,2614468.0,0.0,./build/bin/degeneracy_cliques /data1/wenqianz/com-dblp.edges 2 4,2025-08-31 02:07:21
/data1/wenqianz/com-dblp.edges,2,5,654.285,1224.0,123565.0,,1414348.0,0.0,./build/bin/degeneracy_cliques /data1/wenqianz/com-dblp.edges 2 5,2025-08-31 02:07:25
/data1/wenqianz/com-dblp.edges,2,6,630.569,858.0,66739.0,,855008.0,0.0,./build/bin/degeneracy_cliques /data1/wenqianz/com-dblp.edges 2 6,2025-08-31 02:07:28
/data1/wenqianz/com-dblp.edges,2,7,501.406,551.0,40000.0,,590664.0,0.0,./build/bin/degeneracy_cliques /data1/wenqianz/com-dblp.edges 2 7,2025-08-31 02:07:30
/data1/wenqianz/com-dblp.edges,2,8,511.48,444.0,26257.0,,453184.0,0.0,./build/bin/degeneracy_cliques /data1/wenqianz/com-dblp.edges 2 8,2025-08-31 02:07:32
/data1/wenqianz/com-dblp.edges,2,9,496.386,369.0,18537.0,,374648.0,0.0,./build/bin/degeneracy_cliques /data1/wenqianz/com-dblp.edges 2 9,2025-08-31 02:07:33
/data1/wenqianz/com-dblp.edges,2,10,500.376,333.0,13829.0,,326488.0,0.0,./build/bin/degeneracy_cliques /data1/wenqianz/com-dblp.edges 2 10,2025-08-31 02:07:35
/data1/wenqianz/com-dblp.edges,2,11,494.863,296.0,10730.0,,294196.0,0.0,./build/bin/degeneracy_cliques /data1/wenqianz/com-dblp.edges 2 11,2025-08-31 02:07:36
/data1/wenqianz/com-dblp.edges,2,12,611.907,333.0,8574.0,,271828.0,0.0,./build/bin/degeneracy_cliques /data1/wenqianz/com-dblp.edges 2 12,2025-08-31 02:07:38
/data1/wenqianz/com-dblp.edges,2,13,615.948,313.0,6995.0,,255004.0,0.0,./build/bin/degeneracy_cliques /data1/wenqianz/com-dblp.edges 2 13,2025-08-31 02:07:40
/data1/wenqianz/com-dblp.edges,2,14,496.677,240.0,5799.0,,242676.0,0.0,./build/bin/degeneracy_cliques /data1/wenqianz/com-dblp.edges 2 14,2025-08-31 02:07:41
/data1/wenqianz/com-dblp.edges,2,15,614.213,296.0,4895.0,,233396.0,0.0,./build/bin/degeneracy_cliques /data1/wenqianz/com-dblp.edges 2 15,2025-08-31 02:07:43
/data1/wenqianz/com-dblp.edges,2,16,612.684,314.0,4201.0,,231656.0,0.0,./build/bin/degeneracy_cliques /data1/wenqianz/com-dblp.edges 2 16,2025-08-31 02:07:44
/data1/wenqianz/com-dblp.edges,2,17,611.974,317.0,3654.0,,231408.0,0.0,./build/bin/degeneracy_cliques /data1/wenqianz/com-dblp.edges 2 17,2025-08-31 02:07:46
/data1/wenqianz/com-dblp.edges,2,18,616.442,302.0,3215.0,,231136.0,0.0,./build/bin/degeneracy_cliques /data1/wenqianz/com-dblp.edges 2 18,2025-08-31 02:07:48
/data1/wenqianz/com-dblp.edges,2,19,614.593,343.0,2844.0,,230724.0,0.0,./build/bin/degeneracy_cliques /data1/wenqianz/com-dblp.edges 2 19,2025-08-31 02:07:50
/data1/wenqianz/com-dblp.edges,2,20,610.196,342.0,2519.0,,230800.0,0.0,./build/bin/degeneracy_cliques /data1/wenqianz/com-dblp.edges 2 20,2025-08-31 02:07:51
/data1/wenqianz/com-dblp.edges,2,21,609.26,283.0,2230.0,,230460.0,0.0,./build/bin/degeneracy_cliques /data1/wenqianz/com-dblp.edges 2 21,2025-08-31 02:07:53
/data1/wenqianz/com-dblp.edges,2,22,616.064,256.0,1975.0,,230148.0,0.0,./build/bin/degeneracy_cliques /data1/wenqianz/com-dblp.edges 2 22,2025-08-31 02:07:55
/data1/wenqianz/com-dblp.edges,2,23,607.406,310.0,1754.0,,230120.0,0.0,./build/bin/degeneracy_cliques /data1/wenqianz/com-dblp.edges 2 23,2025-08-31 02:07:56
/data1/wenqianz/com-dblp.edges,2,24,610.27,361.0,1566.0,,229752.0,0.0,./build/bin/degeneracy_cliques /data1/wenqianz/com-dblp.edges 2 24,2025-08-31 02:07:58
/data1/wenqianz/com-dblp.edges,2,25,608.474,314.0,1395.0,,229620.0,0.0,./build/bin/degeneracy_cliques /data1/wenqianz/com-dblp.edges 2 25,2025-08-31 02:08:00
/data1/wenqianz/com-dblp.edges,2,26,606.132,244.0,1240.0,,229460.0,0.0,./build/bin/degeneracy_cliques /data1/wenqianz/com-dblp.edges 2 26,2025-08-31 02:08:01
/data1/wenqianz/com-dblp.edges,2,27,499.319,320.0,1100.0,,229468.0,0.0,./build/bin/degeneracy_cliques /data1/wenqianz/com-dblp.edges 2 27,2025-08-31 02:08:03
/data1/wenqianz/com-dblp.edges,2,28,608.398,292.0,975.0,,229172.0,0.0,./build/bin/degeneracy_cliques /data1/wenqianz/com-dblp.edges 2 28,2025-08-31 02:08:04
/data1/wenqianz/com-dblp.edges,2,29,494.001,266.0,866.0,,229084.0,0.0,./build/bin/degeneracy_cliques /data1/wenqianz/com-dblp.edges 2 29,2025-08-31 02:08:06
/data1/wenqianz/com-dblp.edges,2,30,607.453,382.0,769.0,,229004.0,0.0,./build/bin/degeneracy_cliques /data1/wenqianz/com-dblp.edges 2 30,2025-08-31 02:08:07
/data1/wenqianz/com-dblp.edges,3,4,659.185,4960.0,247029.0,341.655,2280200.0,0.0,./build/bin/degeneracy_cliques /data1/wenqianz/com-dblp.edges 3 4,2025-08-31 02:08:09
/data1/wenqianz/com-dblp.edges,3,5,517.95,4525.0,123565.0,236.161,2118684.0,0.0,./build/bin/degeneracy_cliques /data1/wenqianz/com-dblp.edges 3 5,2025-08-31 02:08:16
/data1/wenqianz/com-dblp.edges,3,6,631.288,4086.0,66739.0,234.165,1838744.0,0.0,./build/bin/degeneracy_cliques /data1/wenqianz/com-dblp.edges 3 6,2025-08-31 02:08:22
/data1/wenqianz/com-dblp.edges,3,7,501.817,3650.0,40000.0,166.739,1628964.0,0.0,./build/bin/degeneracy_cliques /data1/wenqianz/com-dblp.edges 3 7,2025-08-31 02:08:27
/data1/wenqianz/com-dblp.edges,3,8,621.856,3507.0,26257.0,179.86,1470624.0,0.0,./build/bin/degeneracy_cliques /data1/wenqianz/com-dblp.edges 3 8,2025-08-31 02:08:32
/data1/wenqianz/com-dblp.edges,3,9,615.888,3345.0,18537.0,163.762,1354608.0,0.0,./build/bin/degeneracy_cliques /data1/wenqianz/com-dblp.edges 3 9,2025-08-31 02:08:37
/data1/wenqianz/com-dblp.edges,3,10,615.341,3180.0,13829.0,151.693,1264292.0,0.0,./build/bin/degeneracy_cliques /data1/wenqianz/com-dblp.edges 3 10,2025-08-31 02:08:42
/data1/wenqianz/com-dblp.edges,3,11,495.844,2997.0,10730.0,117.875,1179540.0,0.0,./build/bin/degeneracy_cliques /data1/wenqianz/com-dblp.edges 3 11,2025-08-31 02:08:46
/data1/wenqianz/com-dblp.edges,3,12,493.248,2853.0,8574.0,111.348,1116392.0,0.0,./build/bin/degeneracy_cliques /data1/wenqianz/com-dblp.edges 3 12,2025-08-31 02:08:50
/data1/wenqianz/com-dblp.edges,3,13,614.739,2948.0,6995.0,127.253,1060672.0,0.0,./build/bin/degeneracy_cliques /data1/wenqianz/com-dblp.edges 3 13,2025-08-31 02:08:54
/data1/wenqianz/com-dblp.edges,3,14,498.065,2690.0,5799.0,100.796,1006380.0,0.0,./build/bin/degeneracy_cliques /data1/wenqianz/com-dblp.edges 3 14,2025-08-31 02:08:59
/data1/wenqianz/com-dblp.edges,3,15,622.127,2707.0,4895.0,117.229,964416.0,0.0,./build/bin/degeneracy_cliques /data1/wenqianz/com-dblp.edges 3 15,2025-08-31 02:09:03
/data1/wenqianz/com-dblp.edges,3,16,496.778,5151.0,4201.0,93.1812,1183608.0,0.0,./build/bin/degeneracy_cliques /data1/wenqianz/com-dblp.edges 3 16,2025-08-31 02:09:07
/data1/wenqianz/com-dblp.edges,3,17,609.074,7125.0,3654.0,108.372,1279876.0,0.0,./build/bin/degeneracy_cliques /data1/wenqianz/com-dblp.edges 3 17,2025-08-31 02:09:13
/data1/wenqianz/com-dblp.edges,3,18,612.219,9579.0,3215.0,104.961,1308492.0,0.0,./build/bin/degeneracy_cliques /data1/wenqianz/com-dblp.edges 3 18,2025-08-31 02:09:22
/data1/wenqianz/com-dblp.edges,3,19,491.697,,2844.0,86.1855,1177376.0,0.0,./build/bin/degeneracy_cliques /data1/wenqianz/com-dblp.edges 3 19,2025-08-31 02:09:33
/data1/wenqianz/com-dblp.edges,3,20,610.519,3586255.0,2519.0,100.192,150110708.0,0.0,./build/bin/degeneracy_cliques /data1/wenqianz/com-dblp.edges 3 20,2025-08-31 04:18:09
/data1/wenqianz/com-dblp.edges,3,21,615.055,69124.0,2230.0,97.2926,4965036.0,0.0,./build/bin/degeneracy_cliques /data1/wenqianz/com-dblp.edges 3 21,2025-08-31 05:18:04
/data1/wenqianz/com-dblp.edges,3,22,615.092,14421806.0,1975.0,93.8407,1228080.0,0.0,./build/bin/degeneracy_cliques /data1/wenqianz/com-dblp.edges 3 22,2025-08-31 05:19:15
/data1/wenqianz/com-dblp.edges,3,23,608.994,3239059.0,1754.0,91.7207,2554036.0,0.0,./build/bin/degeneracy_cliques /data1/wenqianz/com-dblp.edges 3 23,2025-08-31 09:19:38
/data1/wenqianz/com-dblp.edges,3,24,609.234,6364354.0,1566.0,89.7526,3103076.0,0.0,./build/bin/degeneracy_cliques /data1/wenqianz/com-dblp.edges 3 24,2025-08-31 10:13:38
/data1/wenqianz/com-dblp.edges,3,25,606.547,1480438.0,1395.0,86.9427,10936836.0,0.0,./build/bin/degeneracy_cliques /data1/wenqianz/com-dblp.edges 3 25,2025-08-31 11:59:44
/data1/wenqianz/com-dblp.edges,3,26,611.408,95244.0,1240.0,84.7072,6123804.0,0.0,./build/bin/degeneracy_cliques /data1/wenqianz/com-dblp.edges 3 26,2025-08-31 12:24:27
/data1/wenqianz/com-dblp.edges,3,27,503.611,74703.0,1100.0,71.7171,5795084.0,0.0,./build/bin/degeneracy_cliques /data1/wenqianz/com-dblp.edges 3 27,2025-08-31 12:26:04
/data1/wenqianz/com-dblp.edges,3,28,605.622,5992564.0,975.0,81.3024,3517712.0,0.0,./build/bin/degeneracy_cliques /data1/wenqianz/com-dblp.edges 3 28,2025-08-31 12:27:19
/data1/wenqianz/com-dblp.edges,3,29,611.721,126318.0,866.0,79.341,1457164.0,0.0,./build/bin/degeneracy_cliques /data1/wenqianz/com-dblp.edges 3 29,2025-08-31 14:07:13
/data1/wenqianz/com-dblp.edges,3,30,496.113,62815.0,769.0,66.3408,5437016.0,0.0,./build/bin/degeneracy_cliques /data1/wenqianz/com-dblp.edges 3 30,2025-08-31 14:09:21
/data1/wenqianz/com-youtube.edges,1,3,23330.8,3782.0,2362215.0,,8436604.0,0.0,./build/bin/degeneracy_cliques /data1/wenqianz/com-youtube.edges 1 3,2025-09-01 15:55:57
/data1/wenqianz/com-youtube.edges,1,4,23268.8,4617.0,2555040.0,,9184968.0,0.0,./build/bin/degeneracy_cliques /data1/wenqianz/com-youtube.edges 1 4,2025-09-01 15:56:28
/data1/wenqianz/com-youtube.edges,1,5,22971.5,5022.0,2248530.0,,8218172.0,0.0,./build/bin/degeneracy_cliques /data1/wenqianz/com-youtube.edges 1 5,2025-09-01 15:57:00
/data1/wenqianz/com-youtube.edges,1,6,22955.9,2707.0,1640724.0,,6171940.0,0.0,./build/bin/degeneracy_cliques /data1/wenqianz/com-youtube.edges 1 6,2025-09-01 15:57:32
/data1/wenqianz/com-youtube.edges,1,7,23546.5,1934.0,1051537.0,,4157108.0,0.0,./build/bin/degeneracy_cliques /data1/wenqianz/com-youtube.edges 1 7,2025-09-01 15:58:01
/data1/wenqianz/com-youtube.edges,1,8,22515.9,1171.0,606659.0,,2623064.0,0.0,./build/bin/degeneracy_cliques /data1/wenqianz/com-youtube.edges 1 8,2025-09-01 15:58:30
/data1/wenqianz/com-youtube.edges,1,9,21992.2,666.0,316242.0,,1609124.0,0.0,./build/bin/degeneracy_cliques /data1/wenqianz/com-youtube.edges 1 9,2025-09-01 15:58:56
/data1/wenqianz/com-youtube.edges,1,10,23296.7,367.0,147090.0,,1012936.0,0.0,./build/bin/degeneracy_cliques /data1/wenqianz/com-youtube.edges 1 10,2025-09-01 15:59:21
/data1/wenqianz/com-youtube.edges,1,11,22186.6,232.0,60952.0,,707328.0,0.0,./build/bin/degeneracy_cliques /data1/wenqianz/com-youtube.edges 1 11,2025-09-01 15:59:47
/data1/wenqianz/com-youtube.edges,1,12,22080.2,159.0,22045.0,,567888.0,0.0,./build/bin/degeneracy_cliques /data1/wenqianz/com-youtube.edges 1 12,2025-09-01 16:00:12
/data1/wenqianz/com-youtube.edges,1,13,22548.6,140.0,6911.0,,548452.0,0.0,./build/bin/degeneracy_cliques /data1/wenqianz/com-youtube.edges 1 13,2025-09-01 16:00:36
/data1/wenqianz/com-youtube.edges,1,14,22077.9,130.0,1703.0,,545960.0,0.0,./build/bin/degeneracy_cliques /data1/wenqianz/com-youtube.edges 1 14,2025-09-01 16:01:01
/data1/wenqianz/com-youtube.edges,1,15,22007.2,127.0,303.0,,545140.0,0.0,./build/bin/degeneracy_cliques /data1/wenqianz/com-youtube.edges 1 15,2025-09-01 16:01:25
/data1/wenqianz/com-youtube.edges,1,16,23006.1,129.0,50.0,,545108.0,0.0,./build/bin/degeneracy_cliques /data1/wenqianz/com-youtube.edges 1 16,2025-09-01 16:01:50
/data1/wenqianz/com-youtube.edges,1,17,22036.5,133.0,2.0,,545092.0,0.0,./build/bin/degeneracy_cliques /data1/wenqianz/com-youtube.edges 1 17,2025-09-01 16:02:15
/data1/wenqianz/com-youtube.edges,1,18,22244.6,117.0,0.0,,545028.0,0.0,./build/bin/degeneracy_cliques /data1/wenqianz/com-youtube.edges 1 18,2025-09-01 16:02:39
/data1/wenqianz/com-youtube.edges,1,19,22346.1,122.0,0.0,,545084.0,0.0,./build/bin/degeneracy_cliques /data1/wenqianz/com-youtube.edges 1 19,2025-09-01 16:03:03
/data1/wenqianz/com-youtube.edges,1,20,22576.7,119.0,0.0,,545092.0,0.0,./build/bin/degeneracy_cliques /data1/wenqianz/com-youtube.edges 1 20,2025-09-01 16:03:28
/data1/wenqianz/com-youtube.edges,1,21,22710.4,118.0,0.0,,545020.0,0.0,./build/bin/degeneracy_cliques /data1/wenqianz/com-youtube.edges 1 21,2025-09-01 16:03:53
/data1/wenqianz/com-youtube.edges,1,22,22111.7,121.0,0.0,,545096.0,0.0,./build/bin/degeneracy_cliques /data1/wenqianz/com-youtube.edges 1 22,2025-09-01 16:04:18
/data1/wenqianz/com-youtube.edges,1,23,22599.4,126.0,0.0,,544916.0,0.0,./build/bin/degeneracy_cliques /data1/wenqianz/com-youtube.edges 1 23,2025-09-01 16:04:42
/data1/wenqianz/com-youtube.edges,1,24,21840.8,118.0,0.0,,545144.0,0.0,./build/bin/degeneracy_cliques /data1/wenqianz/com-youtube.edges 1 24,2025-09-01 16:05:07
/data1/wenqianz/com-youtube.edges,1,25,22112.0,121.0,0.0,,545160.0,0.0,./build/bin/degeneracy_cliques /data1/wenqianz/com-youtube.edges 1 25,2025-09-01 16:05:31
/data1/wenqianz/com-youtube.edges,1,26,22088.9,120.0,0.0,,545140.0,0.0,./build/bin/degeneracy_cliques /data1/wenqianz/com-youtube.edges 1 26,2025-09-01 16:05:56
/data1/wenqianz/com-youtube.edges,1,27,21848.3,118.0,0.0,,545108.0,0.0,./build/bin/degeneracy_cliques /data1/wenqianz/com-youtube.edges 1 27,2025-09-01 16:06:20
/data1/wenqianz/com-youtube.edges,1,28,22035.2,117.0,0.0,,545096.0,0.0,./build/bin/degeneracy_cliques /data1/wenqianz/com-youtube.edges 1 28,2025-09-01 16:06:44
/data1/wenqianz/com-youtube.edges,1,29,23004.0,119.0,0.0,,544876.0,0.0,./build/bin/degeneracy_cliques /data1/wenqianz/com-youtube.edges 1 29,2025-09-01 16:07:08
/data1/wenqianz/com-youtube.edges,1,30,22609.5,117.0,0.0,,545004.0,0.0,./build/bin/degeneracy_cliques /data1/wenqianz/com-youtube.edges 1 30,2025-09-01 16:07:33
/data1/wenqianz/com-youtube.edges,2,4,23324.8,15099.0,2555040.0,,25524112.0,0.0,./build/bin/degeneracy_cliques /data1/wenqianz/com-youtube.edges 2 4,2025-09-01 16:07:57
/data1/wenqianz/com-youtube.edges,2,5,23182.0,14264.0,2248530.0,,22616232.0,0.0,./build/bin/degeneracy_cliques /data1/wenqianz/com-youtube.edges 2 5,2025-09-01 16:08:41
/data1/wenqianz/com-youtube.edges,2,6,22577.8,11015.0,1640724.0,,16723284.0,0.0,./build/bin/degeneracy_cliques /data1/wenqianz/com-youtube.edges 2 6,2025-09-01 16:09:24
/data1/wenqianz/com-youtube.edges,2,7,23054.0,8172.0,1051537.0,,10977636.0,0.0,./build/bin/degeneracy_cliques /data1/wenqianz/com-youtube.edges 2 7,2025-09-01 16:10:01
/data1/wenqianz/com-youtube.edges,2,8,22582.9,4640.0,606659.0,,6629940.0,0.0,./build/bin/degeneracy_cliques /data1/wenqianz/com-youtube.edges 2 8,2025-09-01 16:10:36
/data1/wenqianz/com-youtube.edges,2,9,23494.8,2906.0,316242.0,,3775584.0,0.0,./build/bin/degeneracy_cliques /data1/wenqianz/com-youtube.edges 2 9,2025-09-01 16:11:07
/data1/wenqianz/com-youtube.edges,2,10,22216.5,1706.0,147090.0,,2111332.0,0.0,./build/bin/degeneracy_cliques /data1/wenqianz/com-youtube.edges 2 10,2025-09-01 16:11:36
/data1/wenqianz/com-youtube.edges,2,11,22224.0,833.0,60952.0,,1261244.0,0.0,./build/bin/degeneracy_cliques /data1/wenqianz/com-youtube.edges 2 11,2025-09-01 16:12:02
/data1/wenqianz/com-youtube.edges,2,12,22993.6,552.0,22045.0,,876564.0,0.0,./build/bin/degeneracy_cliques /data1/wenqianz/com-youtube.edges 2 12,2025-09-01 16:12:28
/data1/wenqianz/com-youtube.edges,2,13,22541.8,435.0,6911.0,,798864.0,0.0,./build/bin/degeneracy_cliques /data1/wenqianz/com-youtube.edges 2 13,2025-09-01 16:12:53
/data1/wenqianz/com-youtube.edges,2,14,21905.0,400.0,1703.0,,796452.0,0.0,./build/bin/degeneracy_cliques /data1/wenqianz/com-youtube.edges 2 14,2025-09-01 16:13:19
/data1/wenqianz/com-youtube.edges,2,15,23027.2,384.0,303.0,,725516.0,0.0,./build/bin/degeneracy_cliques /data1/wenqianz/com-youtube.edges 2 15,2025-09-01 16:13:43
/data1/wenqianz/com-youtube.edges,2,16,22578.8,383.0,50.0,,725212.0,0.0,./build/bin/degeneracy_cliques /data1/wenqianz/com-youtube.edges 2 16,2025-09-01 16:14:08
/data1/wenqianz/com-youtube.edges,2,17,22793.7,391.0,2.0,,725184.0,0.0,./build/bin/degeneracy_cliques /data1/wenqianz/com-youtube.edges 2 17,2025-09-01 16:14:33
/data1/wenqianz/com-youtube.edges,2,18,24636.3,385.0,0.0,,725168.0,0.0,./build/bin/degeneracy_cliques /data1/wenqianz/com-youtube.edges 2 18,2025-09-01 16:14:59
/data1/wenqianz/com-youtube.edges,2,19,23732.9,351.0,0.0,,725188.0,0.0,./build/bin/degeneracy_cliques /data1/wenqianz/com-youtube.edges 2 19,2025-09-01 16:15:26
/data1/wenqianz/com-youtube.edges,2,20,22789.2,378.0,0.0,,725092.0,0.0,./build/bin/degeneracy_cliques /data1/wenqianz/com-youtube.edges 2 20,2025-09-01 16:15:52
/data1/wenqianz/com-youtube.edges,2,21,22688.4,360.0,0.0,,725236.0,0.0,./build/bin/degeneracy_cliques /data1/wenqianz/com-youtube.edges 2 21,2025-09-01 16:16:18
/data1/wenqianz/com-youtube.edges,2,22,23470.7,348.0,0.0,,725164.0,0.0,./build/bin/degeneracy_cliques /data1/wenqianz/com-youtube.edges 2 22,2025-09-01 16:16:42
/data1/wenqianz/com-youtube.edges,2,23,24694.9,405.0,0.0,,725236.0,0.0,./build/bin/degeneracy_cliques /data1/wenqianz/com-youtube.edges 2 23,2025-09-01 16:17:09
/data1/wenqianz/com-youtube.edges,2,24,25450.2,497.0,0.0,,725188.0,0.0,./build/bin/degeneracy_cliques /data1/wenqianz/com-youtube.edges 2 24,2025-09-01 16:17:36
/data1/wenqianz/com-youtube.edges,2,25,26226.8,443.0,0.0,,725196.0,0.0,./build/bin/degeneracy_cliques /data1/wenqianz/com-youtube.edges 2 25,2025-09-01 16:18:04
/data1/wenqianz/com-youtube.edges,2,26,25175.2,385.0,0.0,,725224.0,0.0,./build/bin/degeneracy_cliques /data1/wenqianz/com-youtube.edges 2 26,2025-09-01 16:18:33
/data1/wenqianz/com-youtube.edges,2,27,26200.4,444.0,0.0,,725212.0,0.0,./build/bin/degeneracy_cliques /data1/wenqianz/com-youtube.edges 2 27,2025-09-01 16:19:01
/data1/wenqianz/com-youtube.edges,2,28,24786.9,386.0,0.0,,725196.0,0.0,./build/bin/degeneracy_cliques /data1/wenqianz/com-youtube.edges 2 28,2025-09-01 16:19:30
/data1/wenqianz/com-youtube.edges,2,29,27420.5,634.0,0.0,,725232.0,0.0,./build/bin/degeneracy_cliques /data1/wenqianz/com-youtube.edges 2 29,2025-09-01 16:19:58
/data1/wenqianz/com-youtube.edges,2,30,28110.8,439.0,0.0,,725196.0,0.0,./build/bin/degeneracy_cliques /data1/wenqianz/com-youtube.edges 2 30,2025-09-01 16:20:28
/data1/wenqianz/com-youtube.edges,3,4,25667.5,31838.0,2555040.0,572.546,2133088.0,0.0,./build/bin/degeneracy_cliques /data1/wenqianz/com-youtube.edges 3 4,2025-09-01 16:20:59
/data1/wenqianz/com-youtube.edges,3,5,27146.7,47569.0,2248530.0,474.095,3821696.0,0.0,./build/bin/degeneracy_cliques /data1/wenqianz/com-youtube.edges 3 5,2025-09-01 16:22:00
/data1/wenqianz/com-youtube.edges,3,6,22379.3,39422.0,1640724.0,333.034,5249416.0,0.0,./build/bin/degeneracy_cliques /data1/wenqianz/com-youtube.edges 3 6,2025-09-01 16:23:18
/data1/wenqianz/com-youtube.edges,3,7,24237.5,29077.0,1051537.0,248.812,4398248.0,0.0,./build/bin/degeneracy_cliques /data1/wenqianz/com-youtube.edges 3 7,2025-09-01 16:24:24
/data1/wenqianz/com-youtube.edges,3,8,23949.8,17394.0,606659.0,181.272,2914956.0,0.0,./build/bin/degeneracy_cliques /data1/wenqianz/com-youtube.edges 3 8,2025-09-01 16:25:20
/data1/wenqianz/com-youtube.edges,3,9,22429.9,8896.0,316242.0,122.796,1835824.0,0.0,./build/bin/degeneracy_cliques /data1/wenqianz/com-youtube.edges 3 9,2025-09-01 16:26:04
/data1/wenqianz/com-youtube.edges,3,10,22177.0,4577.0,147090.0,91.4884,1188600.0,0.0,./build/bin/degeneracy_cliques /data1/wenqianz/com-youtube.edges 3 10,2025-09-01 16:26:37
/data1/wenqianz/com-youtube.edges,3,11,22401.8,2005.0,60952.0,76.2197,838964.0,0.0,./build/bin/degeneracy_cliques /data1/wenqianz/com-youtube.edges 3 11,2025-09-01 16:27:06
/data1/wenqianz/com-youtube.edges,3,12,22069.2,815.0,22045.0,69.8575,685452.0,0.0,./build/bin/degeneracy_cliques /data1/wenqianz/com-youtube.edges 3 12,2025-09-01 16:27:32
/data1/wenqianz/com-youtube.edges,3,13,21814.1,324.0,6911.0,66.757,636680.0,0.0,./build/bin/degeneracy_cliques /data1/wenqianz/com-youtube.edges 3 13,2025-09-01 16:27:57
/data1/wenqianz/com-youtube.edges,3,14,22015.3,137.0,1703.0,65.7432,634444.0,0.0,./build/bin/degeneracy_cliques /data1/wenqianz/com-youtube.edges 3 14,2025-09-01 16:28:21
/data1/wenqianz/com-youtube.edges,3,15,21678.5,80.0,303.0,64.9658,633584.0,0.0,./build/bin/degeneracy_cliques /data1/wenqianz/com-youtube.edges 3 15,2025-09-01 16:28:45
/data1/wenqianz/com-youtube.edges,3,16,22335.2,68.0,50.0,65.7563,633516.0,0.0,./build/bin/degeneracy_cliques /data1/wenqianz/com-youtube.edges 3 16,2025-09-01 16:29:08
/data1/wenqianz/com-youtube.edges,3,17,22042.8,66.0,2.0,66.2222,633444.0,0.0,./build/bin/degeneracy_cliques /data1/wenqianz/com-youtube.edges 3 17,2025-09-01 16:29:33
/data1/wenqianz/com-youtube.edges,3,18,22012.7,65.0,0.0,65.9187,633536.0,0.0,./build/bin/degeneracy_cliques /data1/wenqianz/com-youtube.edges 3 18,2025-09-01 16:29:57
/data1/wenqianz/com-youtube.edges,3,19,21710.8,65.0,0.0,65.4932,633544.0,0.0,./build/bin/degeneracy_cliques /data1/wenqianz/com-youtube.edges 3 19,2025-09-01 16:30:21
/data1/wenqianz/com-youtube.edges,3,20,21955.5,65.0,0.0,65.5375,633576.0,0.0,./build/bin/degeneracy_cliques /data1/wenqianz/com-youtube.edges 3 20,2025-09-01 16:30:45
/data1/wenqianz/com-youtube.edges,3,21,22257.4,69.0,0.0,69.2974,633624.0,0.0,./build/bin/degeneracy_cliques /data1/wenqianz/com-youtube.edges 3 21,2025-09-01 16:31:09
/data1/wenqianz/com-youtube.edges,3,22,22210.3,67.0,0.0,67.7824,633564.0,0.0,./build/bin/degeneracy_cliques /data1/wenqianz/com-youtube.edges 3 22,2025-09-01 16:31:33
/data1/wenqianz/com-youtube.edges,3,23,22007.1,69.0,0.0,69.1199,633472.0,0.0,./build/bin/degeneracy_cliques /data1/wenqianz/com-youtube.edges 3 23,2025-09-01 16:31:58
/data1/wenqianz/com-youtube.edges,3,24,22073.2,65.0,0.0,65.6614,633488.0,0.0,./build/bin/degeneracy_cliques /data1/wenqianz/com-youtube.edges 3 24,2025-09-01 16:32:22
/data1/wenqianz/com-youtube.edges,3,25,22396.8,66.0,0.0,66.2982,633504.0,0.0,./build/bin/degeneracy_cliques /data1/wenqianz/com-youtube.edges 3 25,2025-09-01 16:32:47
/data1/wenqianz/com-youtube.edges,3,26,22328.6,74.0,0.0,74.3339,633528.0,0.0,./build/bin/degeneracy_cliques /data1/wenqianz/com-youtube.edges 3 26,2025-09-01 16:33:11
/data1/wenqianz/com-youtube.edges,3,27,22112.6,70.0,0.0,70.031,633436.0,0.0,./build/bin/degeneracy_cliques /data1/wenqianz/com-youtube.edges 3 27,2025-09-01 16:33:36
/data1/wenqianz/com-youtube.edges,3,28,22042.2,66.0,0.0,66.404,633476.0,0.0,./build/bin/degeneracy_cliques /data1/wenqianz/com-youtube.edges 3 28,2025-09-01 16:34:00
/data1/wenqianz/com-youtube.edges,3,29,22078.7,66.0,0.0,66.5177,633516.0,0.0,./build/bin/degeneracy_cliques /data1/wenqianz/com-youtube.edges 3 29,2025-09-01 16:34:25
/data1/wenqianz/com-youtube.edges,3,30,22028.7,66.0,0.0,66.581,633524.0,0.0,./build/bin/degeneracy_cliques /data1/wenqianz/com-youtube.edges 3 30,2025-09-01 16:34:49
/data1/wenqianz/soc-pokec-relationships.edges,1,3,31098.7,34129.0,19779129.0,,68171684.0,0.0,./build/bin/degeneracy_cliques /data1/wenqianz/soc-pokec-relationships.edges 1 3,2025-08-31 14:46:05
/data1/wenqianz/soc-pokec-relationships.edges,1,4,31294.0,26132.0,14728137.0,,51668732.0,0.0,./build/bin/degeneracy_cliques /data1/wenqianz/soc-pokec-relationships.edges 1 4,2025-08-31 14:47:40
/data1/wenqianz/soc-pokec-relationships.edges,1,5,30683.4,17948.0,9703624.0,,34744804.0,0.0,./build/bin/degeneracy_cliques /data1/wenqianz/soc-pokec-relationships.edges 1 5,2025-08-31 14:49:03
/data1/wenqianz/soc-pokec-relationships.edges,1,6,29857.4,11390.0,6024045.0,,22193972.0,0.0,./build/bin/degeneracy_cliques /data1/wenqianz/soc-pokec-relationships.edges 1 6,2025-08-31 14:50:15
/data1/wenqianz/soc-pokec-relationships.edges,1,7,29345.1,7125.0,3640657.0,,13954440.0,0.0,./build/bin/degeneracy_cliques /data1/wenqianz/soc-pokec-relationships.edges 1 7,2025-08-31 14:51:15
/data1/wenqianz/soc-pokec-relationships.edges,1,8,29335.3,4438.0,2188330.0,,8890712.0,0.0,./build/bin/degeneracy_cliques /data1/wenqianz/soc-pokec-relationships.edges 1 8,2025-08-31 14:52:09
/data1/wenqianz/soc-pokec-relationships.edges,1,9,29002.9,2818.0,1324999.0,,5852240.0,0.0,./build/bin/degeneracy_cliques /data1/wenqianz/soc-pokec-relationships.edges 1 9,2025-08-31 14:52:59
/data1/wenqianz/soc-pokec-relationships.edges,1,10,28821.9,1786.0,805740.0,,4010644.0,0.0,./build/bin/degeneracy_cliques /data1/wenqianz/soc-pokec-relationships.edges 1 10,2025-08-31 14:53:46
/data1/wenqianz/soc-pokec-relationships.edges,1,11,28641.7,1154.0,483509.0,,2866352.0,0.0,./build/bin/degeneracy_cliques /data1/wenqianz/soc-pokec-relationships.edges 1 11,2025-08-31 14:54:31
/data1/wenqianz/soc-pokec-relationships.edges,1,12,28387.4,741.0,280361.0,,2134600.0,0.0,./build/bin/degeneracy_cliques /data1/wenqianz/soc-pokec-relationships.edges 1 12,2025-08-31 14:55:14
/data1/wenqianz/soc-pokec-relationships.edges,1,13,28478.8,489.0,154518.0,,1679424.0,0.0,./build/bin/degeneracy_cliques /data1/wenqianz/soc-pokec-relationships.edges 1 13,2025-08-31 14:55:57
/data1/wenqianz/soc-pokec-relationships.edges,1,14,28495.3,342.0,82112.0,,1414956.0,0.0,./build/bin/degeneracy_cliques /data1/wenqianz/soc-pokec-relationships.edges 1 14,2025-08-31 14:56:40
/data1/wenqianz/soc-pokec-relationships.edges,1,15,28458.5,252.0,42282.0,,1266976.0,0.0,./build/bin/degeneracy_cliques /data1/wenqianz/soc-pokec-relationships.edges 1 15,2025-08-31 14:57:23
/data1/wenqianz/soc-pokec-relationships.edges,1,16,28480.6,212.0,21982.0,,1197636.0,0.0,./build/bin/degeneracy_cliques /data1/wenqianz/soc-pokec-relationships.edges 1 16,2025-08-31 14:58:05
/data1/wenqianz/soc-pokec-relationships.edges,1,17,28252.9,202.0,12208.0,,1191972.0,0.0,./build/bin/degeneracy_cliques /data1/wenqianz/soc-pokec-relationships.edges 1 17,2025-08-31 14:58:47
/data1/wenqianz/soc-pokec-relationships.edges,1,18,28596.8,201.0,6899.0,,1188532.0,0.0,./build/bin/degeneracy_cliques /data1/wenqianz/soc-pokec-relationships.edges 1 18,2025-08-31 14:59:29
/data1/wenqianz/soc-pokec-relationships.edges,1,19,28448.0,189.0,3674.0,,1186672.0,0.0,./build/bin/degeneracy_cliques /data1/wenqianz/soc-pokec-relationships.edges 1 19,2025-08-31 15:00:12
/data1/wenqianz/soc-pokec-relationships.edges,1,20,28335.1,186.0,1427.0,,1185296.0,0.0,./build/bin/degeneracy_cliques /data1/wenqianz/soc-pokec-relationships.edges 1 20,2025-08-31 15:00:54
/data1/wenqianz/soc-pokec-relationships.edges,1,21,28374.9,185.0,551.0,,1184624.0,0.0,./build/bin/degeneracy_cliques /data1/wenqianz/soc-pokec-relationships.edges 1 21,2025-08-31 15:01:36
/data1/wenqianz/soc-pokec-relationships.edges,1,22,28387.9,183.0,237.0,,1184352.0,0.0,./build/bin/degeneracy_cliques /data1/wenqianz/soc-pokec-relationships.edges 1 22,2025-08-31 15:02:19
/data1/wenqianz/soc-pokec-relationships.edges,1,23,28447.6,186.0,153.0,,1184052.0,0.0,./build/bin/degeneracy_cliques /data1/wenqianz/soc-pokec-relationships.edges 1 23,2025-08-31 15:03:01
/data1/wenqianz/soc-pokec-relationships.edges,1,24,28943.3,184.0,114.0,,1184044.0,0.0,./build/bin/degeneracy_cliques /data1/wenqianz/soc-pokec-relationships.edges 1 24,2025-08-31 15:03:42
/data1/wenqianz/soc-pokec-relationships.edges,1,25,28426.1,187.0,74.0,,1184060.0,0.0,./build/bin/degeneracy_cliques /data1/wenqianz/soc-pokec-relationships.edges 1 25,2025-08-31 15:04:25
/data1/wenqianz/soc-pokec-relationships.edges,1,26,28631.1,191.0,42.0,,1184084.0,0.0,./build/bin/degeneracy_cliques /data1/wenqianz/soc-pokec-relationships.edges 1 26,2025-08-31 15:05:08
/data1/wenqianz/soc-pokec-relationships.edges,1,27,28406.9,184.0,22.0,,1183920.0,0.0,./build/bin/degeneracy_cliques /data1/wenqianz/soc-pokec-relationships.edges 1 27,2025-08-31 15:05:50
/data1/wenqianz/soc-pokec-relationships.edges,1,28,28379.1,185.0,12.0,,1183972.0,0.0,./build/bin/degeneracy_cliques /data1/wenqianz/soc-pokec-relationships.edges 1 28,2025-08-31 15:06:32
/data1/wenqianz/soc-pokec-relationships.edges,1,29,28344.0,185.0,6.0,,1184044.0,0.0,./build/bin/degeneracy_cliques /data1/wenqianz/soc-pokec-relationships.edges 1 29,2025-08-31 15:07:14
/data1/wenqianz/soc-pokec-relationships.edges,1,30,28429.8,167.0,0.0,,1183968.0,0.0,./build/bin/degeneracy_cliques /data1/wenqianz/soc-pokec-relationships.edges 1 30,2025-08-31 15:07:56
/data1/wenqianz/soc-pokec-relationships.edges,2,4,31325.5,119865.0,14728137.0,,146442048.0,0.0,./build/bin/degeneracy_cliques /data1/wenqianz/soc-pokec-relationships.edges 2 4,2025-08-31 15:08:38
/data1/wenqianz/soc-pokec-relationships.edges,2,5,30443.4,89100.0,9703624.0,,97811936.0,0.0,./build/bin/degeneracy_cliques /data1/wenqianz/soc-pokec-relationships.edges 2 5,2025-08-31 15:11:45
/data1/wenqianz/soc-pokec-relationships.edges,2,6,30154.5,61224.0,6024045.0,,62039076.0,0.0,./build/bin/degeneracy_cliques /data1/wenqianz/soc-pokec-relationships.edges 2 6,2025-08-31 15:14:13
/data1/wenqianz/soc-pokec-relationships.edges,2,7,29423.4,39935.0,3640657.0,,38705088.0,0.0,./build/bin/degeneracy_cliques /data1/wenqianz/soc-pokec-relationships.edges 2 7,2025-08-31 15:16:07
/data1/wenqianz/soc-pokec-relationships.edges,2,8,29083.6,26028.0,2188330.0,,24403732.0,0.0,./build/bin/degeneracy_cliques /data1/wenqianz/soc-pokec-relationships.edges 2 8,2025-08-31 15:17:36
/data1/wenqianz/soc-pokec-relationships.edges,2,9,28574.6,17180.0,1324999.0,,15846924.0,0.0,./build/bin/degeneracy_cliques /data1/wenqianz/soc-pokec-relationships.edges 2 9,2025-08-31 15:18:49
/data1/wenqianz/soc-pokec-relationships.edges,2,10,28627.7,11913.0,805740.0,,10685896.0,0.0,./build/bin/degeneracy_cliques /data1/wenqianz/soc-pokec-relationships.edges 2 10,2025-08-31 15:19:50
/data1/wenqianz/soc-pokec-relationships.edges,2,11,28232.5,8449.0,483509.0,,7470128.0,0.0,./build/bin/degeneracy_cliques /data1/wenqianz/soc-pokec-relationships.edges 2 11,2025-08-31 15:20:46
/data1/wenqianz/soc-pokec-relationships.edges,2,12,28460.8,6261.0,280361.0,,5441216.0,0.0,./build/bin/degeneracy_cliques /data1/wenqianz/soc-pokec-relationships.edges 2 12,2025-08-31 15:21:37
/data1/wenqianz/soc-pokec-relationships.edges,2,13,28392.8,4875.0,154518.0,,4186016.0,0.0,./build/bin/degeneracy_cliques /data1/wenqianz/soc-pokec-relationships.edges 2 13,2025-08-31 15:22:26
/data1/wenqianz/soc-pokec-relationships.edges,2,14,28383.3,4028.0,82112.0,,3725232.0,0.0,./build/bin/degeneracy_cliques /data1/wenqianz/soc-pokec-relationships.edges 2 14,2025-08-31 15:23:13
/data1/wenqianz/soc-pokec-relationships.edges,2,15,28342.9,3616.0,42282.0,,3702880.0,0.0,./build/bin/degeneracy_cliques /data1/wenqianz/soc-pokec-relationships.edges 2 15,2025-08-31 15:24:00
/data1/wenqianz/soc-pokec-relationships.edges,2,16,28075.7,3458.0,21982.0,,3691248.0,0.0,./build/bin/degeneracy_cliques /data1/wenqianz/soc-pokec-relationships.edges 2 16,2025-08-31 15:24:46
/data1/wenqianz/soc-pokec-relationships.edges,2,17,28197.3,3283.0,12208.0,,3685828.0,0.0,./build/bin/degeneracy_cliques /data1/wenqianz/soc-pokec-relationships.edges 2 17,2025-08-31 15:25:31
/data1/wenqianz/soc-pokec-relationships.edges,2,18,28215.7,3190.0,6899.0,,3682272.0,0.0,./build/bin/degeneracy_cliques /data1/wenqianz/soc-pokec-relationships.edges 2 18,2025-08-31 15:26:17
/data1/wenqianz/soc-pokec-relationships.edges,2,19,28257.0,3193.0,3674.0,,3680296.0,0.0,./build/bin/degeneracy_cliques /data1/wenqianz/soc-pokec-relationships.edges 2 19,2025-08-31 15:27:02
/data1/wenqianz/soc-pokec-relationships.edges,2,20,28426.5,3114.0,1427.0,,3678576.0,0.0,./build/bin/degeneracy_cliques /data1/wenqianz/soc-pokec-relationships.edges 2 20,2025-08-31 15:27:47
/data1/wenqianz/soc-pokec-relationships.edges,2,21,28268.4,3096.0,551.0,,3677864.0,0.0,./build/bin/degeneracy_cliques /data1/wenqianz/soc-pokec-relationships.edges 2 21,2025-08-31 15:28:33
/data1/wenqianz/soc-pokec-relationships.edges,2,22,28450.8,3100.0,237.0,,3677668.0,0.0,./build/bin/degeneracy_cliques /data1/wenqianz/soc-pokec-relationships.edges 2 22,2025-08-31 15:29:18
/data1/wenqianz/soc-pokec-relationships.edges,2,23,28393.8,3046.0,153.0,,3154824.0,0.0,./build/bin/degeneracy_cliques /data1/wenqianz/soc-pokec-relationships.edges 2 23,2025-08-31 15:30:03
/data1/wenqianz/soc-pokec-relationships.edges,2,24,28390.1,3153.0,114.0,,3677416.0,0.0,./build/bin/degeneracy_cliques /data1/wenqianz/soc-pokec-relationships.edges 2 24,2025-08-31 15:30:49
/data1/wenqianz/soc-pokec-relationships.edges,2,25,28227.8,3056.0,74.0,,3154740.0,0.0,./build/bin/degeneracy_cliques /data1/wenqianz/soc-pokec-relationships.edges 2 25,2025-08-31 15:31:34
/data1/wenqianz/soc-pokec-relationships.edges,2,26,28209.7,3078.0,42.0,,3154672.0,0.0,./build/bin/degeneracy_cliques /data1/wenqianz/soc-pokec-relationships.edges 2 26,2025-08-31 15:32:19
/data1/wenqianz/soc-pokec-relationships.edges,2,27,28317.8,3083.0,22.0,,3154696.0,0.0,./build/bin/degeneracy_cliques /data1/wenqianz/soc-pokec-relationships.edges 2 27,2025-08-31 15:33:04
/data1/wenqianz/soc-pokec-relationships.edges,2,28,28134.3,3075.0,12.0,,3154724.0,0.0,./build/bin/degeneracy_cliques /data1/wenqianz/soc-pokec-relationships.edges 2 28,2025-08-31 15:33:49
/data1/wenqianz/soc-pokec-relationships.edges,2,29,28251.5,3120.0,6.0,,3154728.0,0.0,./build/bin/degeneracy_cliques /data1/wenqianz/soc-pokec-relationships.edges 2 29,2025-08-31 15:34:34
/data1/wenqianz/soc-pokec-relationships.edges,2,30,28388.7,2948.0,0.0,,3154772.0,0.0,./build/bin/degeneracy_cliques /data1/wenqianz/soc-pokec-relationships.edges 2 30,2025-08-31 15:35:19
/data1/wenqianz/soc-pokec-relationships.edges,3,4,30822.5,202292.0,14728137.0,5700.8,22726272.0,0.0,./build/bin/degeneracy_cliques /data1/wenqianz/soc-pokec-relationships.edges 3 4,2025-08-31 15:36:04
/data1/wenqianz/soc-pokec-relationships.edges,3,5,30230.6,209729.0,9703624.0,4237.65,69290576.0,0.0,./build/bin/degeneracy_cliques /data1/wenqianz/soc-pokec-relationships.edges 3 5,2025-08-31 15:40:19
/data1/wenqianz/soc-pokec-relationships.edges,3,6,30014.5,202430.0,6024045.0,2926.54,129865028.0,0.0,./build/bin/degeneracy_cliques /data1/wenqianz/soc-pokec-relationships.edges 3 6,2025-08-31 15:44:40
/data1/wenqianz/soc-pokec-relationships.edges,3,7,29368.2,169301.0,3640657.0,2035.02,138265820.0,0.0,./build/bin/degeneracy_cliques /data1/wenqianz/soc-pokec-relationships.edges 3 7,2025-08-31 15:48:53
/data1/wenqianz/soc-pokec-relationships.edges,3,8,28725.2,119793.0,2188330.0,1399.3,96131556.0,0.0,./build/bin/degeneracy_cliques /data1/wenqianz/soc-pokec-relationships.edges 3 8,2025-08-31 15:52:31
/data1/wenqianz/soc-pokec-relationships.edges,3,9,28479.0,80707.0,1324999.0,1050.26,58780564.0,0.0,./build/bin/degeneracy_cliques /data1/wenqianz/soc-pokec-relationships.edges 3 9,2025-08-31 15:55:18
/data1/wenqianz/soc-pokec-relationships.edges,3,10,28705.9,51931.0,805740.0,823.977,33292324.0,0.0,./build/bin/degeneracy_cliques /data1/wenqianz/soc-pokec-relationships.edges 3 10,2025-08-31 15:57:23
/data1/wenqianz/soc-pokec-relationships.edges,3,11,28586.6,31822.0,483509.0,688.47,17944880.0,0.0,./build/bin/degeneracy_cliques /data1/wenqianz/soc-pokec-relationships.edges 3 11,2025-08-31 15:58:59
/data1/wenqianz/soc-pokec-relationships.edges,3,12,28392.8,19958.0,280361.0,609.982,9869968.0,0.0,./build/bin/degeneracy_cliques /data1/wenqianz/soc-pokec-relationships.edges 3 12,2025-08-31 16:00:14
/data1/wenqianz/soc-pokec-relationships.edges,3,13,28580.2,11588.0,154518.0,560.892,5661936.0,0.0,./build/bin/degeneracy_cliques /data1/wenqianz/soc-pokec-relationships.edges 3 13,2025-08-31 16:01:16
/data1/wenqianz/soc-pokec-relationships.edges,3,14,28487.4,6845.0,82112.0,534.875,3780268.0,0.0,./build/bin/degeneracy_cliques /data1/wenqianz/soc-pokec-relationships.edges 3 14,2025-08-31 16:02:11
/data1/wenqianz/soc-pokec-relationships.edges,3,15,28417.7,4210.0,42282.0,519.208,3015260.0,0.0,./build/bin/degeneracy_cliques /data1/wenqianz/soc-pokec-relationships.edges 3 15,2025-08-31 16:03:00
/data1/wenqianz/soc-pokec-relationships.edges,3,16,28180.2,2709.0,21982.0,498.272,2630572.0,0.0,./build/bin/degeneracy_cliques /data1/wenqianz/soc-pokec-relationships.edges 3 16,2025-08-31 16:03:46
/data1/wenqianz/soc-pokec-relationships.edges,3,17,28400.6,1865.0,12208.0,504.6,2450292.0,0.0,./build/bin/degeneracy_cliques /data1/wenqianz/soc-pokec-relationships.edges 3 17,2025-08-31 16:04:31
/data1/wenqianz/soc-pokec-relationships.edges,3,18,28011.2,1301.0,6899.0,490.365,2446980.0,0.0,./build/bin/degeneracy_cliques /data1/wenqianz/soc-pokec-relationships.edges 3 18,2025-08-31 16:05:15
/data1/wenqianz/soc-pokec-relationships.edges,3,19,28459.3,947.0,3674.0,498.387,2445164.0,0.0,./build/bin/degeneracy_cliques /data1/wenqianz/soc-pokec-relationships.edges 3 19,2025-08-31 16:05:58
/data1/wenqianz/soc-pokec-relationships.edges,3,20,27966.6,705.0,1427.0,487.144,2443460.0,0.0,./build/bin/degeneracy_cliques /data1/wenqianz/soc-pokec-relationships.edges 3 20,2025-08-31 16:06:41
/data1/wenqianz/soc-pokec-relationships.edges,3,21,28268.0,607.0,551.0,489.602,2442880.0,0.0,./build/bin/degeneracy_cliques /data1/wenqianz/soc-pokec-relationships.edges 3 21,2025-08-31 16:07:23
/data1/wenqianz/soc-pokec-relationships.edges,3,22,28404.4,570.0,237.0,499.379,2442536.0,0.0,./build/bin/degeneracy_cliques /data1/wenqianz/soc-pokec-relationships.edges 3 22,2025-08-31 16:08:06
/data1/wenqianz/soc-pokec-relationships.edges,3,23,28210.5,535.0,153.0,486.328,2442584.0,0.0,./build/bin/degeneracy_cliques /data1/wenqianz/soc-pokec-relationships.edges 3 23,2025-08-31 16:08:48
/data1/wenqianz/soc-pokec-relationships.edges,3,24,28318.2,526.0,114.0,489.697,2442504.0,0.0,./build/bin/degeneracy_cliques /data1/wenqianz/soc-pokec-relationships.edges 3 24,2025-08-31 16:09:30
/data1/wenqianz/soc-pokec-relationships.edges,3,25,28085.2,512.0,74.0,486.821,2442288.0,0.0,./build/bin/degeneracy_cliques /data1/wenqianz/soc-pokec-relationships.edges 3 25,2025-08-31 16:10:13
/data1/wenqianz/soc-pokec-relationships.edges,3,26,28359.8,517.0,42.0,498.878,2442220.0,0.0,./build/bin/degeneracy_cliques /data1/wenqianz/soc-pokec-relationships.edges 3 26,2025-08-31 16:10:55
/data1/wenqianz/soc-pokec-relationships.edges,3,27,28597.4,508.0,22.0,497.244,2442252.0,0.0,./build/bin/degeneracy_cliques /data1/wenqianz/soc-pokec-relationships.edges 3 27,2025-08-31 16:11:38
/data1/wenqianz/soc-pokec-relationships.edges,3,28,28259.4,495.0,12.0,489.382,2442268.0,0.0,./build/bin/degeneracy_cliques /data1/wenqianz/soc-pokec-relationships.edges 3 28,2025-08-31 16:12:21
/data1/wenqianz/soc-pokec-relationships.edges,3,29,28379.6,499.0,6.0,497.54,2442264.0,0.0,./build/bin/degeneracy_cliques /data1/wenqianz/soc-pokec-relationships.edges 3 29,2025-08-31 16:13:03
/data1/wenqianz/soc-pokec-relationships.edges,3,30,28302.4,570.0,0.0,570.167,2442260.0,0.0,./build/bin/degeneracy_cliques /data1/wenqianz/soc-pokec-relationships.edges 3 30,2025-08-31 16:13:46
/data1/wenqianz/web-Google.edges,1,3,13932.1,6282.0,3799558.0,,13508900.0,0.0,./build/bin/degeneracy_cliques /data1/wenqianz/web-Google.edges 1 3,2025-08-31 14:10:25
/data1/wenqianz/web-Google.edges,1,4,13987.9,5520.0,3196972.0,,11636444.0,0.0,./build/bin/degeneracy_cliques /data1/wenqianz/web-Google.edges 1 4,2025-08-31 14:10:51
/data1/wenqianz/web-Google.edges,1,5,13903.7,4577.0,2557157.0,,9493248.0,0.0,./build/bin/degeneracy_cliques /data1/wenqianz/web-Google.edges 1 5,2025-08-31 14:11:15
/data1/wenqianz/web-Google.edges,1,6,13856.4,3773.0,2044544.0,,7739508.0,0.0,./build/bin/degeneracy_cliques /data1/wenqianz/web-Google.edges 1 6,2025-08-31 14:11:38
/data1/wenqianz/web-Google.edges,1,7,13750.1,3084.0,1619352.0,,6269724.0,0.0,./build/bin/degeneracy_cliques /data1/wenqianz/web-Google.edges 1 7,2025-08-31 14:12:00
/data1/wenqianz/web-Google.edges,1,8,13839.9,2500.0,1266650.0,,5038208.0,0.0,./build/bin/degeneracy_cliques /data1/wenqianz/web-Google.edges 1 8,2025-08-31 14:12:21
/data1/wenqianz/web-Google.edges,1,9,13699.0,1965.0,971755.0,,3995924.0,0.0,./build/bin/degeneracy_cliques /data1/wenqianz/web-Google.edges 1 9,2025-08-31 14:12:41
/data1/wenqianz/web-Google.edges,1,10,13566.3,1522.0,730618.0,,3137700.0,0.0,./build/bin/degeneracy_cliques /data1/wenqianz/web-Google.edges 1 10,2025-08-31 14:13:00
/data1/wenqianz/web-Google.edges,1,11,13429.8,1169.0,538760.0,,2448324.0,0.0,./build/bin/degeneracy_cliques /data1/wenqianz/web-Google.edges 1 11,2025-08-31 14:13:19
/data1/wenqianz/web-Google.edges,1,12,13535.2,890.0,389528.0,,1908420.0,0.0,./build/bin/degeneracy_cliques /data1/wenqianz/web-Google.edges 1 12,2025-08-31 14:13:37
/data1/wenqianz/web-Google.edges,1,13,13508.3,661.0,274019.0,,1486092.0,0.0,./build/bin/degeneracy_cliques /data1/wenqianz/web-Google.edges 1 13,2025-08-31 14:13:54
/data1/wenqianz/web-Google.edges,1,14,13408.1,490.0,186911.0,,1164060.0,0.0,./build/bin/degeneracy_cliques /data1/wenqianz/web-Google.edges 1 14,2025-08-31 14:14:11
/data1/wenqianz/web-Google.edges,1,15,13437.3,357.0,123415.0,,924676.0,0.0,./build/bin/degeneracy_cliques /data1/wenqianz/web-Google.edges 1 15,2025-08-31 14:14:28
/data1/wenqianz/web-Google.edges,1,16,13539.6,271.0,79516.0,,757136.0,0.0,./build/bin/degeneracy_cliques /data1/wenqianz/web-Google.edges 1 16,2025-08-31 14:14:45
/data1/wenqianz/web-Google.edges,1,17,13456.9,209.0,50221.0,,642956.0,0.0,./build/bin/degeneracy_cliques /data1/wenqianz/web-Google.edges 1 17,2025-08-31 14:15:01
/data1/wenqianz/web-Google.edges,1,18,13372.7,165.0,31381.0,,568344.0,0.0,./build/bin/degeneracy_cliques /data1/wenqianz/web-Google.edges 1 18,2025-08-31 14:15:18
/data1/wenqianz/web-Google.edges,1,19,13363.2,137.0,19291.0,,520084.0,0.0,./build/bin/degeneracy_cliques /data1/wenqianz/web-Google.edges 1 19,2025-08-31 14:15:34
/data1/wenqianz/web-Google.edges,1,20,13346.5,116.0,12017.0,,492676.0,0.0,./build/bin/degeneracy_cliques /data1/wenqianz/web-Google.edges 1 20,2025-08-31 14:15:50
/data1/wenqianz/web-Google.edges,1,21,13342.3,112.0,7987.0,,489732.0,0.0,./build/bin/degeneracy_cliques /data1/wenqianz/web-Google.edges 1 21,2025-08-31 14:16:06
/data1/wenqianz/web-Google.edges,1,22,13351.9,106.0,5653.0,,488020.0,0.0,./build/bin/degeneracy_cliques /data1/wenqianz/web-Google.edges 1 22,2025-08-31 14:16:22
/data1/wenqianz/web-Google.edges,1,23,13373.3,110.0,4203.0,,486920.0,0.0,./build/bin/degeneracy_cliques /data1/wenqianz/web-Google.edges 1 23,2025-08-31 14:16:37
/data1/wenqianz/web-Google.edges,1,24,13303.3,103.0,3322.0,,486124.0,0.0,./build/bin/degeneracy_cliques /data1/wenqianz/web-Google.edges 1 24,2025-08-31 14:16:54
/data1/wenqianz/web-Google.edges,1,25,13379.9,103.0,2648.0,,485544.0,0.0,./build/bin/degeneracy_cliques /data1/wenqianz/web-Google.edges 1 25,2025-08-31 14:17:10
/data1/wenqianz/web-Google.edges,1,26,13594.1,101.0,2177.0,,485104.0,0.0,./build/bin/degeneracy_cliques /data1/wenqianz/web-Google.edges 1 26,2025-08-31 14:17:26
/data1/wenqianz/web-Google.edges,1,27,13529.9,100.0,1866.0,,484624.0,0.0,./build/bin/degeneracy_cliques /data1/wenqianz/web-Google.edges 1 27,2025-08-31 14:17:42
/data1/wenqianz/web-Google.edges,1,28,13362.4,102.0,1601.0,,484176.0,0.0,./build/bin/degeneracy_cliques /data1/wenqianz/web-Google.edges 1 28,2025-08-31 14:17:58
/data1/wenqianz/web-Google.edges,1,29,13350.6,100.0,1360.0,,483960.0,0.0,./build/bin/degeneracy_cliques /data1/wenqianz/web-Google.edges 1 29,2025-08-31 14:18:14
/data1/wenqianz/web-Google.edges,1,30,13332.6,97.0,1177.0,,483804.0,0.0,./build/bin/degeneracy_cliques /data1/wenqianz/web-Google.edges 1 30,2025-08-31 14:18:30
/data1/wenqianz/web-Google.edges,2,4,13792.4,22067.0,3196972.0,,32135292.0,0.0,./build/bin/degeneracy_cliques /data1/wenqianz/web-Google.edges 2 4,2025-08-31 14:18:46
/data1/wenqianz/web-Google.edges,2,5,13811.7,19957.0,2557157.0,,25944036.0,0.0,./build/bin/degeneracy_cliques /data1/wenqianz/web-Google.edges 2 5,2025-08-31 14:19:28
/data1/wenqianz/web-Google.edges,2,6,13782.7,17180.0,2044544.0,,20966476.0,0.0,./build/bin/degeneracy_cliques /data1/wenqianz/web-Google.edges 2 6,2025-08-31 14:20:08
/data1/wenqianz/web-Google.edges,2,7,13713.7,14801.0,1619352.0,,16821456.0,0.0,./build/bin/degeneracy_cliques /data1/wenqianz/web-Google.edges 2 7,2025-08-31 14:20:44
/data1/wenqianz/web-Google.edges,2,8,13726.3,12467.0,1266650.0,,13369204.0,0.0,./build/bin/degeneracy_cliques /data1/wenqianz/web-Google.edges 2 8,2025-08-31 14:21:17
/data1/wenqianz/web-Google.edges,2,9,13620.1,10382.0,971755.0,,10467636.0,0.0,./build/bin/degeneracy_cliques /data1/wenqianz/web-Google.edges 2 9,2025-08-31 14:21:48
/data1/wenqianz/web-Google.edges,2,10,13570.6,8453.0,730618.0,,8085696.0,0.0,./build/bin/degeneracy_cliques /data1/wenqianz/web-Google.edges 2 10,2025-08-31 14:22:16
/data1/wenqianz/web-Google.edges,2,11,13485.1,6731.0,538760.0,,6178444.0,0.0,./build/bin/degeneracy_cliques /data1/wenqianz/web-Google.edges 2 11,2025-08-31 14:22:41
/data1/wenqianz/web-Google.edges,2,12,13523.4,5284.0,389528.0,,4692600.0,0.0,./build/bin/degeneracy_cliques /data1/wenqianz/web-Google.edges 2 12,2025-08-31 14:23:05
/data1/wenqianz/web-Google.edges,2,13,13432.7,4096.0,274019.0,,3531556.0,0.0,./build/bin/degeneracy_cliques /data1/wenqianz/web-Google.edges 2 13,2025-08-31 14:23:27
/data1/wenqianz/web-Google.edges,2,14,13380.3,3114.0,186911.0,,2652704.0,0.0,./build/bin/degeneracy_cliques /data1/wenqianz/web-Google.edges 2 14,2025-08-31 14:23:48
/data1/wenqianz/web-Google.edges,2,15,13334.0,2362.0,123415.0,,2005560.0,0.0,./build/bin/degeneracy_cliques /data1/wenqianz/web-Google.edges 2 15,2025-08-31 14:24:07
/data1/wenqianz/web-Google.edges,2,16,13300.4,1813.0,79516.0,,1554600.0,0.0,./build/bin/degeneracy_cliques /data1/wenqianz/web-Google.edges 2 16,2025-08-31 14:24:26
/data1/wenqianz/web-Google.edges,2,17,13342.0,1422.0,50221.0,,1249896.0,0.0,./build/bin/degeneracy_cliques /data1/wenqianz/web-Google.edges 2 17,2025-08-31 14:24:44
/data1/wenqianz/web-Google.edges,2,18,13447.9,1111.0,31381.0,,1051564.0,0.0,./build/bin/degeneracy_cliques /data1/wenqianz/web-Google.edges 2 18,2025-08-31 14:25:01
/data1/wenqianz/web-Google.edges,2,19,13289.4,913.0,19291.0,,931052.0,0.0,./build/bin/degeneracy_cliques /data1/wenqianz/web-Google.edges 2 19,2025-08-31 14:25:18
/data1/wenqianz/web-Google.edges,2,20,13306.3,802.0,12017.0,,926404.0,0.0,./build/bin/degeneracy_cliques /data1/wenqianz/web-Google.edges 2 20,2025-08-31 14:25:35
/data1/wenqianz/web-Google.edges,2,21,13321.6,741.0,7987.0,,923976.0,0.0,./build/bin/degeneracy_cliques /data1/wenqianz/web-Google.edges 2 21,2025-08-31 14:25:51
/data1/wenqianz/web-Google.edges,2,22,13264.3,675.0,5653.0,,922404.0,0.0,./build/bin/degeneracy_cliques /data1/wenqianz/web-Google.edges 2 22,2025-08-31 14:26:08
/data1/wenqianz/web-Google.edges,2,23,13298.6,652.0,4203.0,,921732.0,0.0,./build/bin/degeneracy_cliques /data1/wenqianz/web-Google.edges 2 23,2025-08-31 14:26:25
/data1/wenqianz/web-Google.edges,2,24,13314.1,629.0,3322.0,,920828.0,0.0,./build/bin/degeneracy_cliques /data1/wenqianz/web-Google.edges 2 24,2025-08-31 14:26:41
/data1/wenqianz/web-Google.edges,2,25,13251.7,617.0,2648.0,,920240.0,0.0,./build/bin/degeneracy_cliques /data1/wenqianz/web-Google.edges 2 25,2025-08-31 14:26:58
/data1/wenqianz/web-Google.edges,2,26,13244.8,614.0,2177.0,,919732.0,0.0,./build/bin/degeneracy_cliques /data1/wenqianz/web-Google.edges 2 26,2025-08-31 14:27:15
/data1/wenqianz/web-Google.edges,2,27,13431.5,611.0,1866.0,,919132.0,0.0,./build/bin/degeneracy_cliques /data1/wenqianz/web-Google.edges 2 27,2025-08-31 14:27:31
/data1/wenqianz/web-Google.edges,2,28,13351.9,605.0,1601.0,,918804.0,0.0,./build/bin/degeneracy_cliques /data1/wenqianz/web-Google.edges 2 28,2025-08-31 14:27:48
/data1/wenqianz/web-Google.edges,2,29,13344.4,600.0,1360.0,,918576.0,0.0,./build/bin/degeneracy_cliques /data1/wenqianz/web-Google.edges 2 29,2025-08-31 14:28:04
/data1/wenqianz/web-Google.edges,2,30,13319.9,595.0,1177.0,,918352.0,0.0,./build/bin/degeneracy_cliques /data1/wenqianz/web-Google.edges 2 30,2025-08-31 14:28:21
/data1/wenqianz/web-Google.edges,3,4,13886.0,54790.0,3196972.0,1755.28,11570764.0,0.0,./build/bin/degeneracy_cliques /data1/wenqianz/web-Google.edges 3 4,2025-08-31 14:28:38
/data1/wenqianz/web-Google.edges,3,5,13880.5,68447.0,2557157.0,1572.27,18601672.0,0.0,./build/bin/degeneracy_cliques /data1/wenqianz/web-Google.edges 3 5,2025-08-31 14:29:51
/data1/wenqianz/web-Google.edges,3,6,13813.4,68716.0,2044544.0,1395.88,18149664.0,0.0,./build/bin/degeneracy_cliques /data1/wenqianz/web-Google.edges 3 6,2025-08-31 14:31:17
/data1/wenqianz/web-Google.edges,3,7,13705.1,63903.0,1619352.0,1210.12,16515488.0,0.0,./build/bin/degeneracy_cliques /data1/wenqianz/web-Google.edges 3 7,2025-08-31 14:32:44
/data1/wenqianz/web-Google.edges,3,8,13754.3,58129.0,1266650.0,1055.51,14354064.0,0.0,./build/bin/degeneracy_cliques /data1/wenqianz/web-Google.edges 3 8,2025-08-31 14:34:06
/data1/wenqianz/web-Google.edges,3,9,13618.6,51294.0,971755.0,898.432,12513172.0,0.0,./build/bin/degeneracy_cliques /data1/wenqianz/web-Google.edges 3 9,2025-08-31 14:35:22
/data1/wenqianz/web-Google.edges,3,10,13550.3,44604.0,730618.0,743.252,10526912.0,0.0,./build/bin/degeneracy_cliques /data1/wenqianz/web-Google.edges 3 10,2025-08-31 14:36:30
/data1/wenqianz/web-Google.edges,3,11,13538.3,38105.0,538760.0,635.253,8790372.0,0.0,./build/bin/degeneracy_cliques /data1/wenqianz/web-Google.edges 3 11,2025-08-31 14:37:32
/data1/wenqianz/web-Google.edges,3,12,13470.8,31386.0,389528.0,510.92,7217568.0,0.0,./build/bin/degeneracy_cliques /data1/wenqianz/web-Google.edges 3 12,2025-08-31 14:38:27
/data1/wenqianz/web-Google.edges,3,13,13496.8,25626.0,274019.0,432.227,5934348.0,0.0,./build/bin/degeneracy_cliques /data1/wenqianz/web-Google.edges 3 13,2025-08-31 14:39:15
/data1/wenqianz/web-Google.edges,3,14,13426.7,20328.0,186911.0,347.054,4985360.0,0.0,./build/bin/degeneracy_cliques /data1/wenqianz/web-Google.edges 3 14,2025-08-31 14:39:57
/data1/wenqianz/web-Google.edges,3,15,13546.7,16489.0,123415.0,285.0,4034964.0,0.0,./build/bin/degeneracy_cliques /data1/wenqianz/web-Google.edges 3 15,2025-08-31 14:40:34
/data1/wenqianz/web-Google.edges,3,16,13341.3,12303.0,79516.0,238.995,3214344.0,0.0,./build/bin/degeneracy_cliques /data1/wenqianz/web-Google.edges 3 16,2025-08-31 14:41:07
/data1/wenqianz/web-Google.edges,3,17,13382.5,9197.0,50221.0,201.227,2594428.0,0.0,./build/bin/degeneracy_cliques /data1/wenqianz/web-Google.edges 3 17,2025-08-31 14:41:35
/data1/wenqianz/web-Google.edges,3,18,13321.9,7363.0,31381.0,165.363,2064968.0,0.0,./build/bin/degeneracy_cliques /data1/wenqianz/web-Google.edges 3 18,2025-08-31 14:42:01
/data1/wenqianz/web-Google.edges,3,19,13256.6,6115.0,19291.0,143.106,1607188.0,0.0,./build/bin/degeneracy_cliques /data1/wenqianz/web-Google.edges 3 19,2025-08-31 14:42:24
/data1/wenqianz/web-Google.edges,3,20,13257.3,4468.0,12017.0,126.658,1285240.0,0.0,./build/bin/degeneracy_cliques /data1/wenqianz/web-Google.edges 3 20,2025-08-31 14:42:46
/data1/wenqianz/web-Google.edges,3,21,13308.1,3410.0,7987.0,117.053,1005756.0,0.0,./build/bin/degeneracy_cliques /data1/wenqianz/web-Google.edges 3 21,2025-08-31 14:43:06
/data1/wenqianz/web-Google.edges,3,22,13426.4,2784.0,5653.0,116.1,825788.0,0.0,./build/bin/degeneracy_cliques /data1/wenqianz/web-Google.edges 3 22,2025-08-31 14:43:25
/data1/wenqianz/web-Google.edges,3,23,13350.7,2040.0,4203.0,110.602,758220.0,0.0,./build/bin/degeneracy_cliques /data1/wenqianz/web-Google.edges 3 23,2025-08-31 14:43:44
/data1/wenqianz/web-Google.edges,3,24,13333.6,1847.0,3322.0,112.937,732120.0,0.0,./build/bin/degeneracy_cliques /data1/wenqianz/web-Google.edges 3 24,2025-08-31 14:44:02
/data1/wenqianz/web-Google.edges,3,25,13368.5,1957.0,2648.0,111.964,722496.0,0.0,./build/bin/degeneracy_cliques /data1/wenqianz/web-Google.edges 3 25,2025-08-31 14:44:20
/data1/wenqianz/web-Google.edges,3,26,13360.5,1608.0,2177.0,106.79,703312.0,0.0,./build/bin/degeneracy_cliques /data1/wenqianz/web-Google.edges 3 26,2025-08-31 14:44:38
/data1/wenqianz/web-Google.edges,3,27,13404.1,1302.0,1866.0,110.03,690652.0,0.0,./build/bin/degeneracy_cliques /data1/wenqianz/web-Google.edges 3 27,2025-08-31 14:44:56
/data1/wenqianz/web-Google.edges,3,28,13391.0,1323.0,1601.0,104.968,685268.0,0.0,./build/bin/degeneracy_cliques /data1/wenqianz/web-Google.edges 3 28,2025-08-31 14:45:14
/data1/wenqianz/web-Google.edges,3,29,13314.2,1218.0,1360.0,103.415,682524.0,0.0,./build/bin/degeneracy_cliques /data1/wenqianz/web-Google.edges 3 29,2025-08-31 14:45:31
/data1/wenqianz/web-Google.edges,3,30,13341.7,991.0,1177.0,103.195,686532.0,0.0,./build/bin/degeneracy_cliques /data1/wenqianz/web-Google.edges 3 30,2025-08-31 14:45:48
/data1/wenqianz/web-Stanford.edges,1,3,98410.1,5543.0,3908043.0,,13651420.0,0.0,./build/bin/degeneracy_cliques /data1/wenqianz/web-Stanford.edges 1 3,2025-08-31 16:14:28
/data1/wenqianz/web-Stanford.edges,1,4,98938.9,7458.0,4772050.0,,17068116.0,0.0,./build/bin/degeneracy_cliques /data1/wenqianz/web-Stanford.edges 1 4,2025-08-31 16:16:16
/data1/wenqianz/web-Stanford.edges,1,5,98741.8,7731.0,4453538.0,,16318724.0,0.0,./build/bin/degeneracy_cliques /data1/wenqianz/web-Stanford.edges 1 5,2025-08-31 16:18:07
/data1/wenqianz/web-Stanford.edges,1,6,99481.5,6900.0,3833810.0,,14248544.0,0.0,./build/bin/degeneracy_cliques /data1/wenqianz/web-Stanford.edges 1 6,2025-08-31 16:19:59
/data1/wenqianz/web-Stanford.edges,1,7,98465.3,5895.0,3163632.0,,11943080.0,0.0,./build/bin/degeneracy_cliques /data1/wenqianz/web-Stanford.edges 1 7,2025-08-31 16:21:51
/data1/wenqianz/web-Stanford.edges,1,8,97827.5,5025.0,2572948.0,,9904904.0,0.0,./build/bin/degeneracy_cliques /data1/wenqianz/web-Stanford.edges 1 8,2025-08-31 16:23:40
/data1/wenqianz/web-Stanford.edges,1,9,98189.4,4597.0,2346506.0,,9116488.0,0.0,./build/bin/degeneracy_cliques /data1/wenqianz/web-Stanford.edges 1 9,2025-08-31 16:25:26
/data1/wenqianz/web-Stanford.edges,1,10,99290.8,4342.0,2138129.0,,8381496.0,0.0,./build/bin/degeneracy_cliques /data1/wenqianz/web-Stanford.edges 1 10,2025-08-31 16:27:13
/data1/wenqianz/web-Stanford.edges,1,11,98166.2,3967.0,1937507.0,,7671896.0,0.0,./build/bin/degeneracy_cliques /data1/wenqianz/web-Stanford.edges 1 11,2025-08-31 16:29:01
/data1/wenqianz/web-Stanford.edges,1,12,99200.3,3623.0,1749597.0,,7002424.0,0.0,./build/bin/degeneracy_cliques /data1/wenqianz/web-Stanford.edges 1 12,2025-08-31 16:30:47
/data1/wenqianz/web-Stanford.edges,1,13,98661.0,3338.0,1570705.0,,6346824.0,0.0,./build/bin/degeneracy_cliques /data1/wenqianz/web-Stanford.edges 1 13,2025-08-31 16:32:33
/data1/wenqianz/web-Stanford.edges,1,14,98473.3,3066.0,1401864.0,,5743096.0,0.0,./build/bin/degeneracy_cliques /data1/wenqianz/web-Stanford.edges 1 14,2025-08-31 16:34:18
/data1/wenqianz/web-Stanford.edges,1,15,98484.2,2760.0,1232631.0,,5124452.0,0.0,./build/bin/degeneracy_cliques /data1/wenqianz/web-Stanford.edges 1 15,2025-08-31 16:36:03
/data1/wenqianz/web-Stanford.edges,1,16,99229.2,2444.0,1080418.0,,4555740.0,0.0,./build/bin/degeneracy_cliques /data1/wenqianz/web-Stanford.edges 1 16,2025-08-31 16:37:47
/data1/wenqianz/web-Stanford.edges,1,17,98482.3,2238.0,956173.0,,4083064.0,0.0,./build/bin/degeneracy_cliques /data1/wenqianz/web-Stanford.edges 1 17,2025-08-31 16:39:32
/data1/wenqianz/web-Stanford.edges,1,18,99053.9,2083.0,881134.0,,3794428.0,0.0,./build/bin/degeneracy_cliques /data1/wenqianz/web-Stanford.edges 1 18,2025-08-31 16:41:15
/data1/wenqianz/web-Stanford.edges,1,19,98994.3,1938.0,812514.0,,3538236.0,0.0,./build/bin/degeneracy_cliques /data1/wenqianz/web-Stanford.edges 1 19,2025-08-31 16:42:59
/data1/wenqianz/web-Stanford.edges,1,20,99217.2,1810.0,748564.0,,3293724.0,0.0,./build/bin/degeneracy_cliques /data1/wenqianz/web-Stanford.edges 1 20,2025-08-31 16:44:43
/data1/wenqianz/web-Stanford.edges,1,21,98670.6,1690.0,689210.0,,3064168.0,0.0,./build/bin/degeneracy_cliques /data1/wenqianz/web-Stanford.edges 1 21,2025-08-31 16:46:26
/data1/wenqianz/web-Stanford.edges,1,22,98724.9,1562.0,636356.0,,2853220.0,0.0,./build/bin/degeneracy_cliques /data1/wenqianz/web-Stanford.edges 1 22,2025-08-31 16:48:09
/data1/wenqianz/web-Stanford.edges,1,23,98090.9,1457.0,587937.0,,2649764.0,0.0,./build/bin/degeneracy_cliques /data1/wenqianz/web-Stanford.edges 1 23,2025-08-31 16:49:52
/data1/wenqianz/web-Stanford.edges,1,24,99093.5,1348.0,542894.0,,2457044.0,0.0,./build/bin/degeneracy_cliques /data1/wenqianz/web-Stanford.edges 1 24,2025-08-31 16:51:34
/data1/wenqianz/web-Stanford.edges,1,25,98054.5,1265.0,501059.0,,2290772.0,0.0,./build/bin/degeneracy_cliques /data1/wenqianz/web-Stanford.edges 1 25,2025-08-31 16:53:16
/data1/wenqianz/web-Stanford.edges,1,26,99594.0,1170.0,462148.0,,2142068.0,0.0,./build/bin/degeneracy_cliques /data1/wenqianz/web-Stanford.edges 1 26,2025-08-31 16:54:57
/data1/wenqianz/web-Stanford.edges,1,27,99054.6,1079.0,425520.0,,1999516.0,0.0,./build/bin/degeneracy_cliques /data1/wenqianz/web-Stanford.edges 1 27,2025-08-31 16:56:40
/data1/wenqianz/web-Stanford.edges,1,28,98906.6,999.0,390652.0,,1860368.0,0.0,./build/bin/degeneracy_cliques /data1/wenqianz/web-Stanford.edges 1 28,2025-08-31 16:58:23
/data1/wenqianz/web-Stanford.edges,1,29,98404.8,940.0,358708.0,,1731228.0,0.0,./build/bin/degeneracy_cliques /data1/wenqianz/web-Stanford.edges 1 29,2025-08-31 17:00:04
/data1/wenqianz/web-Stanford.edges,1,30,99121.9,853.0,330284.0,,1614488.0,0.0,./build/bin/degeneracy_cliques /data1/wenqianz/web-Stanford.edges 1 30,2025-08-31 17:01:46
/data1/wenqianz/web-Stanford.edges,2,4,99323.9,33319.0,4772050.0,,47399388.0,0.0,./build/bin/degeneracy_cliques /data1/wenqianz/web-Stanford.edges 2 4,2025-08-31 17:03:28
/data1/wenqianz/web-Stanford.edges,2,5,99654.1,42157.0,4453538.0,,44635384.0,0.0,./build/bin/degeneracy_cliques /data1/wenqianz/web-Stanford.edges 2 5,2025-08-31 17:05:47
/data1/wenqianz/web-Stanford.edges,2,6,98252.5,43926.0,3833810.0,,38643864.0,0.0,./build/bin/degeneracy_cliques /data1/wenqianz/web-Stanford.edges 2 6,2025-08-31 17:08:16
/data1/wenqianz/web-Stanford.edges,2,7,100202.0,41864.0,3163632.0,,32098012.0,0.0,./build/bin/degeneracy_cliques /data1/wenqianz/web-Stanford.edges 2 7,2025-08-31 17:10:45
/data1/wenqianz/web-Stanford.edges,2,8,98639.5,38622.0,2572948.0,,26322040.0,0.0,./build/bin/degeneracy_cliques /data1/wenqianz/web-Stanford.edges 2 8,2025-08-31 17:13:13
/data1/wenqianz/web-Stanford.edges,2,9,99782.3,37524.0,2346506.0,,24100588.0,0.0,./build/bin/degeneracy_cliques /data1/wenqianz/web-Stanford.edges 2 9,2025-08-31 17:15:35
/data1/wenqianz/web-Stanford.edges,2,10,98401.3,35805.0,2138129.0,,22047984.0,0.0,./build/bin/degeneracy_cliques /data1/wenqianz/web-Stanford.edges 2 10,2025-08-31 17:17:57
/data1/wenqianz/web-Stanford.edges,2,11,99233.4,33729.0,1937507.0,,20067544.0,0.0,./build/bin/degeneracy_cliques /data1/wenqianz/web-Stanford.edges 2 11,2025-08-31 17:20:16
/data1/wenqianz/web-Stanford.edges,2,12,98089.6,33248.0,1749597.0,,18209888.0,0.0,./build/bin/degeneracy_cliques /data1/wenqianz/web-Stanford.edges 2 12,2025-08-31 17:22:34
/data1/wenqianz/web-Stanford.edges,2,13,97615.4,31768.0,1570705.0,,16422304.0,0.0,./build/bin/degeneracy_cliques /data1/wenqianz/web-Stanford.edges 2 13,2025-08-31 17:24:49
/data1/wenqianz/web-Stanford.edges,2,14,97653.9,30394.0,1401864.0,,14750272.0,0.0,./build/bin/degeneracy_cliques /data1/wenqianz/web-Stanford.edges 2 14,2025-08-31 17:27:03
/data1/wenqianz/web-Stanford.edges,2,15,97983.6,28989.0,1232631.0,,13060976.0,0.0,./build/bin/degeneracy_cliques /data1/wenqianz/web-Stanford.edges 2 15,2025-08-31 17:29:15
/data1/wenqianz/web-Stanford.edges,2,16,98991.1,27510.0,1080418.0,,11529508.0,0.0,./build/bin/degeneracy_cliques /data1/wenqianz/web-Stanford.edges 2 16,2025-08-31 17:31:25
/data1/wenqianz/web-Stanford.edges,2,17,99547.5,26082.0,956173.0,,10270516.0,0.0,./build/bin/degeneracy_cliques /data1/wenqianz/web-Stanford.edges 2 17,2025-08-31 17:33:35
/data1/wenqianz/web-Stanford.edges,2,18,98103.3,25243.0,881134.0,,9506776.0,0.0,./build/bin/degeneracy_cliques /data1/wenqianz/web-Stanford.edges 2 18,2025-08-31 17:35:44
/data1/wenqianz/web-Stanford.edges,2,19,98738.9,24317.0,812514.0,,8816352.0,0.0,./build/bin/degeneracy_cliques /data1/wenqianz/web-Stanford.edges 2 19,2025-08-31 17:37:50
/data1/wenqianz/web-Stanford.edges,2,20,98408.8,23382.0,748564.0,,8167184.0,0.0,./build/bin/degeneracy_cliques /data1/wenqianz/web-Stanford.edges 2 20,2025-08-31 17:39:56
/data1/wenqianz/web-Stanford.edges,2,21,98832.3,22612.0,689210.0,,7561148.0,0.0,./build/bin/degeneracy_cliques /data1/wenqianz/web-Stanford.edges 2 21,2025-08-31 17:42:01
/data1/wenqianz/web-Stanford.edges,2,22,98565.4,21857.0,636356.0,,7027532.0,0.0,./build/bin/degeneracy_cliques /data1/wenqianz/web-Stanford.edges 2 22,2025-08-31 17:44:05
/data1/wenqianz/web-Stanford.edges,2,23,100052.0,20914.0,587937.0,,6513800.0,0.0,./build/bin/degeneracy_cliques /data1/wenqianz/web-Stanford.edges 2 23,2025-08-31 17:46:09
/data1/wenqianz/web-Stanford.edges,2,24,98287.0,19730.0,542894.0,,6033996.0,0.0,./build/bin/degeneracy_cliques /data1/wenqianz/web-Stanford.edges 2 24,2025-08-31 17:48:12
/data1/wenqianz/web-Stanford.edges,2,25,98639.6,18866.0,501059.0,,5600916.0,0.0,./build/bin/degeneracy_cliques /data1/wenqianz/web-Stanford.edges 2 25,2025-08-31 17:50:13
/data1/wenqianz/web-Stanford.edges,2,26,98857.2,17783.0,462148.0,,5212340.0,0.0,./build/bin/degeneracy_cliques /data1/wenqianz/web-Stanford.edges 2 26,2025-08-31 17:52:13
/data1/wenqianz/web-Stanford.edges,2,27,98337.8,16950.0,425520.0,,4825396.0,0.0,./build/bin/degeneracy_cliques /data1/wenqianz/web-Stanford.edges 2 27,2025-08-31 17:54:12
/data1/wenqianz/web-Stanford.edges,2,28,98760.3,16306.0,390652.0,,4465116.0,0.0,./build/bin/degeneracy_cliques /data1/wenqianz/web-Stanford.edges 2 28,2025-08-31 17:56:09
/data1/wenqianz/web-Stanford.edges,2,29,98476.7,15278.0,358708.0,,4139580.0,0.0,./build/bin/degeneracy_cliques /data1/wenqianz/web-Stanford.edges 2 29,2025-08-31 17:58:07
/data1/wenqianz/web-Stanford.edges,2,30,98265.3,14371.0,330284.0,,3840196.0,0.0,./build/bin/degeneracy_cliques /data1/wenqianz/web-Stanford.edges 2 30,2025-08-31 18:00:03
/data1/wenqianz/web-Stanford.edges,3,4,99025.6,363288.0,4772050.0,1410.71,14116260.0,0.0,./build/bin/degeneracy_cliques /data1/wenqianz/web-Stanford.edges 3 4,2025-08-31 18:01:57
/data1/wenqianz/web-Stanford.edges,3,5,98269.5,790075.0,4453538.0,1353.97,32935052.0,0.0,./build/bin/degeneracy_cliques /data1/wenqianz/web-Stanford.edges 3 5,2025-08-31 18:09:44
/data1/wenqianz/web-Stanford.edges,3,6,98992.6,1239633.0,3833810.0,1237.47,33307320.0,0.0,./build/bin/degeneracy_cliques /data1/wenqianz/web-Stanford.edges 3 6,2025-08-31 18:24:37
/data1/wenqianz/web-Stanford.edges,3,7,98348.5,1630834.0,3163632.0,1109.15,31578696.0,0.0,./build/bin/degeneracy_cliques /data1/wenqianz/web-Stanford.edges 3 7,2025-08-31 18:47:01
/data1/wenqianz/web-Stanford.edges,3,8,97437.2,1614586.0,2572948.0,993.578,27649196.0,0.0,./build/bin/degeneracy_cliques /data1/wenqianz/web-Stanford.edges 3 8,2025-08-31 19:15:55
/data1/wenqianz/web-Stanford.edges,3,9,97918.2,2125598.0,2346506.0,932.677,29829232.0,0.0,./build/bin/degeneracy_cliques /data1/wenqianz/web-Stanford.edges 3 9,2025-08-31 19:44:31
/data1/wenqianz/web-Stanford.edges,3,10,97215.0,2439926.0,2138129.0,870.504,31834368.0,0.0,./build/bin/degeneracy_cliques /data1/wenqianz/web-Stanford.edges 3 10,2025-08-31 20:21:40
/data1/wenqianz/web-Stanford.edges,3,11,98645.4,3062453.0,1937507.0,830.352,37371916.0,0.0,./build/bin/degeneracy_cliques /data1/wenqianz/web-Stanford.edges 3 11,2025-08-31 21:04:01
/data1/wenqianz/web-Stanford.edges,3,12,97992.7,3685182.0,1749597.0,764.29,54909760.0,0.0,./build/bin/degeneracy_cliques /data1/wenqianz/web-Stanford.edges 3 12,2025-08-31 21:56:47
/data1/wenqianz/web-Stanford.edges,3,13,98074.7,1984733.0,1570705.0,691.223,26477344.0,0.0,./build/bin/degeneracy_cliques /data1/wenqianz/web-Stanford.edges 3 13,2025-08-31 22:59:55
/data1/wenqianz/web-Stanford.edges,3,14,97989.3,2010356.0,1401864.0,645.26,28197724.0,0.0,./build/bin/degeneracy_cliques /data1/wenqianz/web-Stanford.edges 3 14,2025-08-31 23:34:42
/data1/wenqianz/web-Stanford.edges,3,15,99080.0,3411805.0,1232631.0,596.254,59187152.0,0.0,./build/bin/degeneracy_cliques /data1/wenqianz/web-Stanford.edges 3 15,2025-09-01 00:09:54
/data1/wenqianz/web-Stanford.edges,3,16,97896.3,2084983.0,1080418.0,526.955,24638612.0,0.0,./build/bin/degeneracy_cliques /data1/wenqianz/web-Stanford.edges 3 16,2025-09-01 01:08:29
/data1/wenqianz/web-Stanford.edges,3,17,99467.1,1522720.0,956173.0,467.978,16093772.0,0.0,./build/bin/degeneracy_cliques /data1/wenqianz/web-Stanford.edges 3 17,2025-09-01 01:44:56
/data1/wenqianz/web-Stanford.edges,3,18,98678.9,1540352.0,881134.0,445.789,15186404.0,0.0,./build/bin/degeneracy_cliques /data1/wenqianz/web-Stanford.edges 3 18,2025-09-01 02:12:01
/data1/wenqianz/web-Stanford.edges,3,19,98988.0,1411731.0,812514.0,411.586,15552224.0,0.0,./build/bin/degeneracy_cliques /data1/wenqianz/web-Stanford.edges 3 19,2025-09-01 02:39:23
/data1/wenqianz/web-Stanford.edges,3,20,98859.3,1900135.0,748564.0,381.631,16081668.0,0.0,./build/bin/degeneracy_cliques /data1/wenqianz/web-Stanford.edges 3 20,2025-09-01 03:04:37
/data1/wenqianz/web-Stanford.edges,3,21,97990.2,1940138.0,689210.0,360.173,25061884.0,0.0,./build/bin/degeneracy_cliques /data1/wenqianz/web-Stanford.edges 3 21,2025-09-01 03:37:59
/data1/wenqianz/web-Stanford.edges,3,22,97321.8,2632447.0,636356.0,336.764,23393964.0,0.0,./build/bin/degeneracy_cliques /data1/wenqianz/web-Stanford.edges 3 22,2025-09-01 04:12:00
/data1/wenqianz/web-Stanford.edges,3,23,96829.8,1534025.0,587937.0,307.192,11570336.0,0.0,./build/bin/degeneracy_cliques /data1/wenqianz/web-Stanford.edges 3 23,2025-09-01 04:57:33
/data1/wenqianz/web-Stanford.edges,3,24,97081.1,1278489.0,542894.0,292.596,9171708.0,0.0,./build/bin/degeneracy_cliques /data1/wenqianz/web-Stanford.edges 3 24,2025-09-01 05:24:46
/data1/wenqianz/web-Stanford.edges,3,25,96801.6,1197120.0,501059.0,284.872,9018256.0,0.0,./build/bin/degeneracy_cliques /data1/wenqianz/web-Stanford.edges 3 25,2025-09-01 05:47:44
/data1/wenqianz/web-Stanford.edges,3,26,97112.9,,462148.0,258.436,486434300.0,0.0,./build/bin/degeneracy_cliques /data1/wenqianz/web-Stanford.edges 3 26,2025-09-01 06:09:20
/data1/wenqianz/web-Stanford.edges,3,27,96819.5,1213106.0,425520.0,244.115,7977584.0,0.0,./build/bin/degeneracy_cliques /data1/wenqianz/web-Stanford.edges 3 27,2025-09-01 09:52:09
/data1/wenqianz/web-Stanford.edges,3,28,98510.7,1739872.0,390652.0,228.8,35934916.0,0.0,./build/bin/degeneracy_cliques /data1/wenqianz/web-Stanford.edges 3 28,2025-09-01 10:14:02
/data1/wenqianz/web-Stanford.edges,3,29,98050.6,,358708.0,225.523,443987488.0,0.0,./build/bin/degeneracy_cliques /data1/wenqianz/web-Stanford.edges 3 29,2025-09-01 10:44:44
/data1/wenqianz/web-Stanford.edges,3,30,97818.0,2817050.0,330284.0,216.263,88281640.0,0.0,./build/bin/degeneracy_cliques /data1/wenqianz/web-Stanford.edges 3 30,2025-09-01 15:07:15
/data1/wenqianz/web-it-2004.edges,1,3,127918.0,1912.0,907668.0,,3895968.0,0.0,./build/bin/degeneracy_cliques /data1/wenqianz/web-it-2004.edges 1 3,2025-08-29 07:29:49
/data1/wenqianz/web-it-2004.edges,1,4,127224.0,1699.0,757860.0,,3396436.0,0.0,./build/bin/degeneracy_cliques /data1/wenqianz/web-it-2004.edges 1 4,2025-08-29 07:32:03
/data1/wenqianz/web-it-2004.edges,1,5,128196.0,1625.0,705801.0,,3217740.0,0.0,./build/bin/degeneracy_cliques /data1/wenqianz/web-it-2004.edges 1 5,2025-08-29 07:34:17
/data1/wenqianz/web-it-2004.edges,1,6,127029.0,1579.0,654593.0,,3045076.0,0.0,./build/bin/degeneracy_cliques /data1/wenqianz/web-it-2004.edges 1 6,2025-08-29 07:36:31
/data1/wenqianz/web-it-2004.edges,1,7,128991.0,1494.0,604057.0,,2872256.0,0.0,./build/bin/degeneracy_cliques /data1/wenqianz/web-it-2004.edges 1 7,2025-08-29 07:38:44
/data1/wenqianz/web-it-2004.edges,1,8,129097.0,1435.0,553507.0,,2695368.0,0.0,./build/bin/degeneracy_cliques /data1/wenqianz/web-it-2004.edges 1 8,2025-08-29 07:40:58
/data1/wenqianz/web-it-2004.edges,1,9,128323.0,1343.0,502794.0,,2514304.0,0.0,./build/bin/degeneracy_cliques /data1/wenqianz/web-it-2004.edges 1 9,2025-08-29 07:43:13
/data1/wenqianz/web-it-2004.edges,1,10,129177.0,1313.0,447081.0,,2310936.0,0.0,./build/bin/degeneracy_cliques /data1/wenqianz/web-it-2004.edges 1 10,2025-08-29 07:45:27
/data1/wenqianz/web-it-2004.edges,1,11,127083.0,1221.0,379715.0,,2064320.0,0.0,./build/bin/degeneracy_cliques /data1/wenqianz/web-it-2004.edges 1 11,2025-08-29 07:47:41
/data1/wenqianz/web-it-2004.edges,1,12,126103.0,1131.0,339235.0,,1916376.0,0.0,./build/bin/degeneracy_cliques /data1/wenqianz/web-it-2004.edges 1 12,2025-08-29 07:49:54
/data1/wenqianz/web-it-2004.edges,1,13,129156.0,1052.0,298359.0,,1761044.0,0.0,./build/bin/degeneracy_cliques /data1/wenqianz/web-it-2004.edges 1 13,2025-08-29 07:52:05
/data1/wenqianz/web-it-2004.edges,1,14,127384.0,1026.0,256629.0,,1603412.0,0.0,./build/bin/degeneracy_cliques /data1/wenqianz/web-it-2004.edges 1 14,2025-08-29 07:54:19
/data1/wenqianz/web-it-2004.edges,1,15,128260.0,916.0,212866.0,,1448452.0,0.0,./build/bin/degeneracy_cliques /data1/wenqianz/web-it-2004.edges 1 15,2025-08-29 07:56:31
/data1/wenqianz/web-it-2004.edges,1,16,129424.0,814.0,165635.0,,1277788.0,0.0,./build/bin/degeneracy_cliques /data1/wenqianz/web-it-2004.edges 1 16,2025-08-29 07:58:45
/data1/wenqianz/web-it-2004.edges,1,17,126157.0,742.0,119832.0,,1104472.0,0.0,./build/bin/degeneracy_cliques /data1/wenqianz/web-it-2004.edges 1 17,2025-08-29 08:00:59
/data1/wenqianz/web-it-2004.edges,1,18,147933.0,685.0,104294.0,,1050024.0,0.0,./build/bin/degeneracy_cliques /data1/wenqianz/web-it-2004.edges 1 18,2025-08-29 09:18:29
/data1/wenqianz/web-it-2004.edges,1,19,127325.0,654.0,94193.0,,1014072.0,0.0,./build/bin/degeneracy_cliques /data1/wenqianz/web-it-2004.edges 1 19,2025-08-29 09:21:02
/data1/wenqianz/web-it-2004.edges,1,20,136836.0,633.0,88471.0,,993628.0,0.0,./build/bin/degeneracy_cliques /data1/wenqianz/web-it-2004.edges 1 20,2025-08-29 09:23:13
/data1/wenqianz/web-it-2004.edges,1,21,151068.0,644.0,84494.0,,979064.0,0.0,./build/bin/degeneracy_cliques /data1/wenqianz/web-it-2004.edges 1 21,2025-08-29 09:25:35
/data1/wenqianz/web-it-2004.edges,1,22,152008.0,614.0,81637.0,,968036.0,0.0,./build/bin/degeneracy_cliques /data1/wenqianz/web-it-2004.edges 1 22,2025-08-29 09:28:10
/data1/wenqianz/web-it-2004.edges,1,23,123625.0,615.0,80082.0,,960888.0,0.0,./build/bin/degeneracy_cliques /data1/wenqianz/web-it-2004.edges 1 23,2025-08-29 09:30:47
/data1/wenqianz/web-it-2004.edges,1,24,124080.0,613.0,78784.0,,954876.0,0.0,./build/bin/degeneracy_cliques /data1/wenqianz/web-it-2004.edges 1 24,2025-08-29 09:32:55
/data1/wenqianz/web-it-2004.edges,1,25,122747.0,585.0,77622.0,,948024.0,0.0,./build/bin/degeneracy_cliques /data1/wenqianz/web-it-2004.edges 1 25,2025-08-29 09:35:03
/data1/wenqianz/web-it-2004.edges,1,26,143796.0,596.0,76609.0,,943380.0,0.0,./build/bin/degeneracy_cliques /data1/wenqianz/web-it-2004.edges 1 26,2025-08-29 09:37:11
/data1/wenqianz/web-it-2004.edges,1,27,132107.0,616.0,75603.0,,939064.0,0.0,./build/bin/degeneracy_cliques /data1/wenqianz/web-it-2004.edges 1 27,2025-08-29 09:39:39
/data1/wenqianz/web-it-2004.edges,1,28,127878.0,605.0,74616.0,,934504.0,0.0,./build/bin/degeneracy_cliques /data1/wenqianz/web-it-2004.edges 1 28,2025-08-29 09:41:55
/data1/wenqianz/web-it-2004.edges,1,29,152070.0,589.0,73643.0,,930416.0,0.0,./build/bin/degeneracy_cliques /data1/wenqianz/web-it-2004.edges 1 29,2025-08-29 09:44:08
/data1/wenqianz/web-it-2004.edges,1,30,151734.0,600.0,72679.0,,926436.0,0.0,./build/bin/degeneracy_cliques /data1/wenqianz/web-it-2004.edges 1 30,2025-08-29 09:46:45
/data1/wenqianz/web-it-2004.edges,2,4,139195.0,103973.0,757860.0,,15537776.0,0.0,./build/bin/degeneracy_cliques /data1/wenqianz/web-it-2004.edges 2 4,2025-08-29 09:49:21
/data1/wenqianz/web-it-2004.edges,2,5,123513.0,103812.0,705801.0,,15021992.0,0.0,./build/bin/degeneracy_cliques /data1/wenqianz/web-it-2004.edges 2 5,2025-08-29 09:53:29
/data1/wenqianz/web-it-2004.edges,2,6,124756.0,103987.0,654593.0,,14518412.0,0.0,./build/bin/degeneracy_cliques /data1/wenqianz/web-it-2004.edges 2 6,2025-08-29 09:57:21
/data1/wenqianz/web-it-2004.edges,2,7,123247.0,104168.0,604057.0,,14046476.0,0.0,./build/bin/degeneracy_cliques /data1/wenqianz/web-it-2004.edges 2 7,2025-08-29 10:01:15
/data1/wenqianz/web-it-2004.edges,2,8,129037.0,103770.0,553507.0,,13508756.0,0.0,./build/bin/degeneracy_cliques /data1/wenqianz/web-it-2004.edges 2 8,2025-08-29 10:05:07
/data1/wenqianz/web-it-2004.edges,2,9,125458.0,104109.0,502794.0,,13034092.0,0.0,./build/bin/degeneracy_cliques /data1/wenqianz/web-it-2004.edges 2 9,2025-08-29 10:09:04
/data1/wenqianz/web-it-2004.edges,2,10,150116.0,138727.0,447081.0,,11960368.0,0.0,./build/bin/degeneracy_cliques /data1/wenqianz/web-it-2004.edges 2 10,2025-08-29 10:12:58
/data1/wenqianz/web-it-2004.edges,2,11,141275.0,328792.0,379715.0,,11237260.0,0.0,./build/bin/degeneracy_cliques /data1/wenqianz/web-it-2004.edges 2 11,2025-08-29 10:17:52
/data1/wenqianz/web-it-2004.edges,2,12,126368.0,387481.0,339235.0,,10566116.0,0.0,./build/bin/degeneracy_cliques /data1/wenqianz/web-it-2004.edges 2 12,2025-08-29 10:25:46
/data1/wenqianz/web-it-2004.edges,2,13,128667.0,273363.0,298359.0,,10272084.0,0.0,./build/bin/degeneracy_cliques /data1/wenqianz/web-it-2004.edges 2 13,2025-08-29 10:34:25
/data1/wenqianz/web-it-2004.edges,2,14,142234.0,291249.0,256629.0,,9948172.0,0.0,./build/bin/degeneracy_cliques /data1/wenqianz/web-it-2004.edges 2 14,2025-08-29 10:41:11
/data1/wenqianz/web-it-2004.edges,2,15,123825.0,299377.0,212866.0,,9284632.0,0.0,./build/bin/degeneracy_cliques /data1/wenqianz/web-it-2004.edges 2 15,2025-08-29 10:48:29
/data1/wenqianz/web-it-2004.edges,2,16,129543.0,307439.0,165635.0,,9163748.0,0.0,./build/bin/degeneracy_cliques /data1/wenqianz/web-it-2004.edges 2 16,2025-08-29 10:55:37
/data1/wenqianz/web-it-2004.edges,2,17,125941.0,251300.0,119832.0,,7955348.0,0.0,./build/bin/degeneracy_cliques /data1/wenqianz/web-it-2004.edges 2 17,2025-08-29 11:02:58
/data1/wenqianz/web-it-2004.edges,2,18,122965.0,251609.0,104294.0,,8286580.0,0.0,./build/bin/degeneracy_cliques /data1/wenqianz/web-it-2004.edges 2 18,2025-08-29 11:09:19
/data1/wenqianz/web-it-2004.edges,2,19,150039.0,326474.0,94193.0,,8325032.0,0.0,./build/bin/degeneracy_cliques /data1/wenqianz/web-it-2004.edges 2 19,2025-08-29 11:15:38
/data1/wenqianz/web-it-2004.edges,2,20,130418.0,338405.0,88471.0,,8854412.0,0.0,./build/bin/degeneracy_cliques /data1/wenqianz/web-it-2004.edges 2 20,2025-08-29 11:23:39
/data1/wenqianz/web-it-2004.edges,2,21,129072.0,210394.0,84494.0,,7328520.0,0.0,./build/bin/degeneracy_cliques /data1/wenqianz/web-it-2004.edges 2 21,2025-08-29 11:31:31
/data1/wenqianz/web-it-2004.edges,2,22,122902.0,429091.0,81637.0,,9627156.0,0.0,./build/bin/degeneracy_cliques /data1/wenqianz/web-it-2004.edges 2 22,2025-08-29 11:37:15
/data1/wenqianz/web-it-2004.edges,2,23,127880.0,358703.0,80082.0,,7721400.0,0.0,./build/bin/degeneracy_cliques /data1/wenqianz/web-it-2004.edges 2 23,2025-08-29 11:46:31
/data1/wenqianz/web-it-2004.edges,2,24,123051.0,431645.0,78784.0,,7445276.0,0.0,./build/bin/degeneracy_cliques /data1/wenqianz/web-it-2004.edges 2 24,2025-08-29 11:54:42
/data1/wenqianz/web-it-2004.edges,2,25,132751.0,290435.0,77622.0,,8237464.0,0.0,./build/bin/degeneracy_cliques /data1/wenqianz/web-it-2004.edges 2 25,2025-08-29 12:04:00
/data1/wenqianz/web-it-2004.edges,2,26,122913.0,385045.0,76609.0,,8925136.0,0.0,./build/bin/degeneracy_cliques /data1/wenqianz/web-it-2004.edges 2 26,2025-08-29 12:11:08
/data1/wenqianz/web-it-2004.edges,2,27,152083.0,360848.0,75603.0,,7515656.0,0.0,./build/bin/degeneracy_cliques /data1/wenqianz/web-it-2004.edges 2 27,2025-08-29 12:19:40
/data1/wenqianz/web-it-2004.edges,2,28,128310.0,366329.0,74616.0,,7732888.0,0.0,./build/bin/degeneracy_cliques /data1/wenqianz/web-it-2004.edges 2 28,2025-08-29 12:28:17
/data1/wenqianz/web-it-2004.edges,2,29,140877.0,309095.0,73643.0,,8534640.0,0.0,./build/bin/degeneracy_cliques /data1/wenqianz/web-it-2004.edges 2 29,2025-08-29 12:36:36
/data1/wenqianz/web-it-2004.edges,2,30,129943.0,,72679.0,,9036996.0,0.0,./build/bin/degeneracy_cliques /data1/wenqianz/web-it-2004.edges 2 30,2025-08-29 12:44:11
/data1/wenqianz/web-it-2004.edges,3,4,139805.0,,757860.0,30012.1,521855124.0,0.0,./build/bin/degeneracy_cliques /data1/wenqianz/web-it-2004.edges 3 4,2025-08-29 12:53:54
/data1/wenqianz/web-it-2004.edges,3,5,139683.0,,705801.0,29505.2,520134980.0,0.0,./build/bin/degeneracy_cliques /data1/wenqianz/web-it-2004.edges 3 5,2025-08-29 13:47:37
/data1/wenqianz/web-it-2004.edges,3,6,126581.0,,654593.0,29813.6,521562520.0,0.0,./build/bin/degeneracy_cliques /data1/wenqianz/web-it-2004.edges 3 6,2025-08-29 16:34:04
/data1/wenqianz/web-it-2004.edges,3,7,122717.0,,604057.0,29816.0,446609616.0,0.0,./build/bin/degeneracy_cliques /data1/wenqianz/web-it-2004.edges 3 7,2025-08-29 19:31:32
/data1/wenqianz/web-it-2004.edges,3,8,129986.0,,553507.0,29217.9,500342032.0,0.0,./build/bin/degeneracy_cliques /data1/wenqianz/web-it-2004.edges 3 8,2025-08-29 22:14:36
/data1/wenqianz/web-it-2004.edges,3,9,146695.0,,502794.0,30261.0,483841296.0,0.0,./build/bin/degeneracy_cliques /data1/wenqianz/web-it-2004.edges 3 9,2025-08-30 01:12:54
/data1/wenqianz/web-it-2004.edges,3,10,123788.0,,447081.0,29433.5,486807468.0,0.0,./build/bin/degeneracy_cliques /data1/wenqianz/web-it-2004.edges 3 10,2025-08-30 04:09:31
/data1/wenqianz/web-it-2004.edges,3,11,132191.0,,379715.0,29814.7,461569696.0,0.0,./build/bin/degeneracy_cliques /data1/wenqianz/web-it-2004.edges 3 11,2025-08-30 07:02:10
/data1/wenqianz/web-it-2004.edges,3,12,127681.0,,339235.0,29829.8,455003056.0,0.0,./build/bin/degeneracy_cliques /data1/wenqianz/web-it-2004.edges 3 12,2025-08-30 09:49:41
/data1/wenqianz/web-it-2004.edges,3,13,122766.0,,298359.0,29232.1,433557632.0,0.0,./build/bin/degeneracy_cliques /data1/wenqianz/web-it-2004.edges 3 13,2025-08-30 12:36:56
/data1/wenqianz/web-it-2004.edges,3,14,138521.0,,256629.0,28940.0,512628296.0,0.0,./build/bin/degeneracy_cliques /data1/wenqianz/web-it-2004.edges 3 14,2025-08-30 15:33:34
/data1/wenqianz/web-it-2004.edges,3,15,124232.0,,212866.0,29227.9,46344952.0,0.0,./build/bin/degeneracy_cliques /data1/wenqianz/web-it-2004.edges 3 15,2025-08-31 01:47:10
/data1/wenqianz/web-it-2004.edges,3,16,122742.0,,165635.0,28498.0,45796912.0,0.0,./build/bin/degeneracy_cliques /data1/wenqianz/web-it-2004.edges 3 16,2025-08-31 01:49:54
/data1/wenqianz/web-it-2004.edges,3,17,144801.0,,119832.0,28808.8,,,./build/bin/degeneracy_cliques /data1/wenqianz/web-it-2004.edges 3 17,2025-08-31 01:57:54
/data1/wenqianz/web-it-2004.edges,3,18,,,,,,,./build/bin/degeneracy_cliques /data1/wenqianz/web-it-2004.edges 3 18,2025-08-29 08:03:59
/data1/wenqianz/web-it-2004.edges,3,19,,,,,,,./build/bin/degeneracy_cliques /data1/wenqianz/web-it-2004.edges 3 19,2025-08-29 08:03:59
/data1/wenqianz/web-it-2004.edges,3,20,,,,,,,./build/bin/degeneracy_cliques /data1/wenqianz/web-it-2004.edges 3 20,2025-08-29 08:03:59
/data1/wenqianz/web-it-2004.edges,3,21,,,,,,,./build/bin/degeneracy_cliques /data1/wenqianz/web-it-2004.edges 3 21,2025-08-29 08:03:59
/data1/wenqianz/web-it-2004.edges,3,22,,,,,,,./build/bin/degeneracy_cliques /data1/wenqianz/web-it-2004.edges 3 22,2025-08-29 08:03:59
/data1/wenqianz/web-it-2004.edges,3,23,,,,,,,./build/bin/degeneracy_cliques /data1/wenqianz/web-it-2004.edges 3 23,2025-08-29 08:03:59
/data1/wenqianz/web-it-2004.edges,3,24,,,,,,,./build/bin/degeneracy_cliques /data1/wenqianz/web-it-2004.edges 3 24,2025-08-29 08:03:59
/data1/wenqianz/web-it-2004.edges,3,25,,,,,,,./build/bin/degeneracy_cliques /data1/wenqianz/web-it-2004.edges 3 25,2025-08-29 08:03:59
/data1/wenqianz/web-it-2004.edges,3,26,,,,,,,./build/bin/degeneracy_cliques /data1/wenqianz/web-it-2004.edges 3 26,2025-08-29 08:03:59
/data1/wenqianz/web-it-2004.edges,3,27,,,,,,,./build/bin/degeneracy_cliques /data1/wenqianz/web-it-2004.edges 3 27,2025-08-29 08:03:59
/data1/wenqianz/web-it-2004.edges,3,28,,,,,,,./build/bin/degeneracy_cliques /data1/wenqianz/web-it-2004.edges 3 28,2025-08-29 08:03:59
/data1/wenqianz/web-it-2004.edges,3,29,,,,,,,./build/bin/degeneracy_cliques /data1/wenqianz/web-it-2004.edges 3 29,2025-08-29 08:03:59
/data1/wenqianz/web-it-2004.edges,3,30,,,,,,,./build/bin/degeneracy_cliques /data1/wenqianz/web-it-2004.edges 3 30,2025-08-29 08:03:59
