dataset,s,r,cmd,timestamp,tree_build_ms,clique_index_ms,prog_time_ms,num_leaves,max_rss_kb,exit_status,dataset_name
/data1/wenqianz/web-it-2004.edges,3,1,./build/bin/degeneracy_cliques /data1/wenqianz/web-it-2004.edges 1 3,2025-08-29 07:29:49,127918.0,,1912.0,907668,3895968,0,web-it-2004
/data1/wenqianz/web-it-2004.edges,4,1,./build/bin/degeneracy_cliques /data1/wenqianz/web-it-2004.edges 1 4,2025-08-29 07:32:03,127224.0,,1699.0,757860,3396436,0,web-it-2004
/data1/wenqianz/web-it-2004.edges,5,1,./build/bin/degeneracy_cliques /data1/wenqianz/web-it-2004.edges 1 5,2025-08-29 07:34:17,128196.0,,1625.0,705801,3217740,0,web-it-2004
/data1/wenqianz/web-it-2004.edges,6,1,./build/bin/degeneracy_cliques /data1/wenqianz/web-it-2004.edges 1 6,2025-08-29 07:36:31,127029.0,,1579.0,654593,3045076,0,web-it-2004
/data1/wenqianz/web-it-2004.edges,7,1,./build/bin/degeneracy_cliques /data1/wenqianz/web-it-2004.edges 1 7,2025-08-29 07:38:44,128991.0,,1494.0,604057,2872256,0,web-it-2004
/data1/wenqianz/web-it-2004.edges,8,1,./build/bin/degeneracy_cliques /data1/wenqianz/web-it-2004.edges 1 8,2025-08-29 07:40:58,129097.0,,1435.0,553507,2695368,0,web-it-2004
/data1/wenqianz/web-it-2004.edges,9,1,./build/bin/degeneracy_cliques /data1/wenqianz/web-it-2004.edges 1 9,2025-08-29 07:43:13,128323.0,,1343.0,502794,2514304,0,web-it-2004
/data1/wenqianz/web-it-2004.edges,10,1,./build/bin/degeneracy_cliques /data1/wenqianz/web-it-2004.edges 1 10,2025-08-29 07:45:27,129177.0,,1313.0,447081,2310936,0,web-it-2004
/data1/wenqianz/web-it-2004.edges,11,1,./build/bin/degeneracy_cliques /data1/wenqianz/web-it-2004.edges 1 11,2025-08-29 07:47:41,127083.0,,1221.0,379715,2064320,0,web-it-2004
/data1/wenqianz/web-it-2004.edges,12,1,./build/bin/degeneracy_cliques /data1/wenqianz/web-it-2004.edges 1 12,2025-08-29 07:49:54,126103.0,,1131.0,339235,1916376,0,web-it-2004
/data1/wenqianz/web-it-2004.edges,13,1,./build/bin/degeneracy_cliques /data1/wenqianz/web-it-2004.edges 1 13,2025-08-29 07:52:05,129156.0,,1052.0,298359,1761044,0,web-it-2004
/data1/wenqianz/web-it-2004.edges,14,1,./build/bin/degeneracy_cliques /data1/wenqianz/web-it-2004.edges 1 14,2025-08-29 07:54:19,127384.0,,1026.0,256629,1603412,0,web-it-2004
/data1/wenqianz/web-it-2004.edges,15,1,./build/bin/degeneracy_cliques /data1/wenqianz/web-it-2004.edges 1 15,2025-08-29 07:56:31,128260.0,,916.0,212866,1448452,0,web-it-2004
/data1/wenqianz/web-it-2004.edges,16,1,./build/bin/degeneracy_cliques /data1/wenqianz/web-it-2004.edges 1 16,2025-08-29 07:58:45,129424.0,,814.0,165635,1277788,0,web-it-2004
/data1/wenqianz/web-it-2004.edges,17,1,./build/bin/degeneracy_cliques /data1/wenqianz/web-it-2004.edges 1 17,2025-08-29 08:00:59,126157.0,,742.0,119832,1104472,0,web-it-2004
/data1/wenqianz/web-it-2004.edges,3,1,./build/bin/degeneracy_cliques /data1/wenqianz/web-it-2004.edges 1 3,2025-08-29 08:18:56,126169.0,,1903.0,907668,3895972,0,web-it-2004
/data1/wenqianz/web-it-2004.edges,4,1,./build/bin/degeneracy_cliques /data1/wenqianz/web-it-2004.edges 1 4,2025-08-29 08:21:08,124552.0,,1701.0,757860,3396444,0,web-it-2004
/data1/wenqianz/web-it-2004.edges,5,1,./build/bin/degeneracy_cliques /data1/wenqianz/web-it-2004.edges 1 5,2025-08-29 08:23:19,123035.0,,1633.0,705801,3217720,0,web-it-2004
/data1/wenqianz/web-it-2004.edges,6,1,./build/bin/degeneracy_cliques /data1/wenqianz/web-it-2004.edges 1 6,2025-08-29 08:25:28,127711.0,,1593.0,654593,3044984,0,web-it-2004
/data1/wenqianz/web-it-2004.edges,7,1,./build/bin/degeneracy_cliques /data1/wenqianz/web-it-2004.edges 1 7,2025-08-29 08:27:41,123395.0,,1502.0,604057,2872180,0,web-it-2004
/data1/wenqianz/web-it-2004.edges,8,1,./build/bin/degeneracy_cliques /data1/wenqianz/web-it-2004.edges 1 8,2025-08-29 08:29:50,143105.0,,1459.0,553507,2695372,0,web-it-2004
/data1/wenqianz/web-it-2004.edges,9,1,./build/bin/degeneracy_cliques /data1/wenqianz/web-it-2004.edges 1 9,2025-08-29 08:32:19,142664.0,,1344.0,502794,2514328,0,web-it-2004
/data1/wenqianz/web-it-2004.edges,10,1,./build/bin/degeneracy_cliques /data1/wenqianz/web-it-2004.edges 1 10,2025-08-29 08:34:47,143739.0,,1323.0,447081,2310956,0,web-it-2004
/data1/wenqianz/web-it-2004.edges,11,1,./build/bin/degeneracy_cliques /data1/wenqianz/web-it-2004.edges 1 11,2025-08-29 08:37:16,150943.0,,1229.0,379715,2064372,0,web-it-2004
/data1/wenqianz/web-it-2004.edges,12,1,./build/bin/degeneracy_cliques /data1/wenqianz/web-it-2004.edges 1 12,2025-08-29 08:39:53,125520.0,,1143.0,339235,1916444,0,web-it-2004
/data1/wenqianz/web-it-2004.edges,3,1,./build/bin/degeneracy_cliques /data1/wenqianz/web-it-2004.edges 1 3,2025-08-29 08:42:37,137359.0,,1894.0,907668,3895992,0,web-it-2004
/data1/wenqianz/web-it-2004.edges,4,1,./build/bin/degeneracy_cliques /data1/wenqianz/web-it-2004.edges 1 4,2025-08-29 08:45:00,141103.0,,1713.0,757860,3396460,0,web-it-2004
/data1/wenqianz/web-it-2004.edges,5,1,./build/bin/degeneracy_cliques /data1/wenqianz/web-it-2004.edges 1 5,2025-08-29 08:47:27,128729.0,,1634.0,705801,3217708,0,web-it-2004
/data1/wenqianz/web-it-2004.edges,6,1,./build/bin/degeneracy_cliques /data1/wenqianz/web-it-2004.edges 1 6,2025-08-29 08:49:42,133706.0,,1599.0,654593,3044980,0,web-it-2004
/data1/wenqianz/web-it-2004.edges,7,1,./build/bin/degeneracy_cliques /data1/wenqianz/web-it-2004.edges 1 7,2025-08-29 08:52:01,126999.0,,1497.0,604057,2872272,0,web-it-2004
/data1/wenqianz/web-it-2004.edges,8,1,./build/bin/degeneracy_cliques /data1/wenqianz/web-it-2004.edges 1 8,2025-08-29 08:54:14,152292.0,,1416.0,553507,2695476,0,web-it-2004
/data1/wenqianz/web-it-2004.edges,9,1,./build/bin/degeneracy_cliques /data1/wenqianz/web-it-2004.edges 1 9,2025-08-29 08:56:52,123140.0,,1349.0,502794,2514252,0,web-it-2004
/data1/wenqianz/web-it-2004.edges,10,1,./build/bin/degeneracy_cliques /data1/wenqianz/web-it-2004.edges 1 10,2025-08-29 08:59:01,130889.0,,1318.0,447081,2311080,0,web-it-2004
/data1/wenqianz/web-it-2004.edges,11,1,./build/bin/degeneracy_cliques /data1/wenqianz/web-it-2004.edges 1 11,2025-08-29 09:01:17,130164.0,,1226.0,379715,2064436,0,web-it-2004
/data1/wenqianz/web-it-2004.edges,12,1,./build/bin/degeneracy_cliques /data1/wenqianz/web-it-2004.edges 1 12,2025-08-29 09:03:33,133969.0,,1131.0,339235,1916456,0,web-it-2004
/data1/wenqianz/web-it-2004.edges,13,1,./build/bin/degeneracy_cliques /data1/wenqianz/web-it-2004.edges 1 13,2025-08-29 09:05:52,146722.0,,1064.0,298359,1761124,0,web-it-2004
/data1/wenqianz/web-it-2004.edges,14,1,./build/bin/degeneracy_cliques /data1/wenqianz/web-it-2004.edges 1 14,2025-08-29 09:08:23,146576.0,,1030.0,256629,1603436,0,web-it-2004
/data1/wenqianz/web-it-2004.edges,15,1,./build/bin/degeneracy_cliques /data1/wenqianz/web-it-2004.edges 1 15,2025-08-29 09:10:55,151259.0,,923.0,212866,1448332,0,web-it-2004
/data1/wenqianz/web-it-2004.edges,16,1,./build/bin/degeneracy_cliques /data1/wenqianz/web-it-2004.edges 1 16,2025-08-29 09:13:31,149965.0,,818.0,165635,1277668,0,web-it-2004
/data1/wenqianz/web-it-2004.edges,17,1,./build/bin/degeneracy_cliques /data1/wenqianz/web-it-2004.edges 1 17,2025-08-29 09:16:06,138172.0,,758.0,119832,1104620,0,web-it-2004
/data1/wenqianz/web-it-2004.edges,18,1,./build/bin/degeneracy_cliques /data1/wenqianz/web-it-2004.edges 1 18,2025-08-29 09:18:29,147933.0,,685.0,104294,1050024,0,web-it-2004
/data1/wenqianz/web-it-2004.edges,19,1,./build/bin/degeneracy_cliques /data1/wenqianz/web-it-2004.edges 1 19,2025-08-29 09:21:02,127325.0,,654.0,94193,1014072,0,web-it-2004
/data1/wenqianz/web-it-2004.edges,20,1,./build/bin/degeneracy_cliques /data1/wenqianz/web-it-2004.edges 1 20,2025-08-29 09:23:13,136836.0,,633.0,88471,993628,0,web-it-2004
/data1/wenqianz/web-it-2004.edges,21,1,./build/bin/degeneracy_cliques /data1/wenqianz/web-it-2004.edges 1 21,2025-08-29 09:25:35,151068.0,,644.0,84494,979064,0,web-it-2004
/data1/wenqianz/web-it-2004.edges,22,1,./build/bin/degeneracy_cliques /data1/wenqianz/web-it-2004.edges 1 22,2025-08-29 09:28:10,152008.0,,614.0,81637,968036,0,web-it-2004
/data1/wenqianz/web-it-2004.edges,23,1,./build/bin/degeneracy_cliques /data1/wenqianz/web-it-2004.edges 1 23,2025-08-29 09:30:47,123625.0,,615.0,80082,960888,0,web-it-2004
/data1/wenqianz/web-it-2004.edges,24,1,./build/bin/degeneracy_cliques /data1/wenqianz/web-it-2004.edges 1 24,2025-08-29 09:32:55,124080.0,,613.0,78784,954876,0,web-it-2004
/data1/wenqianz/web-it-2004.edges,25,1,./build/bin/degeneracy_cliques /data1/wenqianz/web-it-2004.edges 1 25,2025-08-29 09:35:03,122747.0,,585.0,77622,948024,0,web-it-2004
/data1/wenqianz/web-it-2004.edges,26,1,./build/bin/degeneracy_cliques /data1/wenqianz/web-it-2004.edges 1 26,2025-08-29 09:37:11,143796.0,,596.0,76609,943380,0,web-it-2004
/data1/wenqianz/web-it-2004.edges,27,1,./build/bin/degeneracy_cliques /data1/wenqianz/web-it-2004.edges 1 27,2025-08-29 09:39:39,132107.0,,616.0,75603,939064,0,web-it-2004
/data1/wenqianz/web-it-2004.edges,28,1,./build/bin/degeneracy_cliques /data1/wenqianz/web-it-2004.edges 1 28,2025-08-29 09:41:55,127878.0,,605.0,74616,934504,0,web-it-2004
/data1/wenqianz/web-it-2004.edges,29,1,./build/bin/degeneracy_cliques /data1/wenqianz/web-it-2004.edges 1 29,2025-08-29 09:44:08,152070.0,,589.0,73643,930416,0,web-it-2004
/data1/wenqianz/web-it-2004.edges,30,1,./build/bin/degeneracy_cliques /data1/wenqianz/web-it-2004.edges 1 30,2025-08-29 09:46:45,151734.0,,600.0,72679,926436,0,web-it-2004
/data1/wenqianz/web-it-2004.edges,4,2,./build/bin/degeneracy_cliques /data1/wenqianz/web-it-2004.edges 2 4,2025-08-29 09:49:21,139195.0,,103973.0,757860,15537776,0,web-it-2004
/data1/wenqianz/web-it-2004.edges,5,2,./build/bin/degeneracy_cliques /data1/wenqianz/web-it-2004.edges 2 5,2025-08-29 09:53:29,123513.0,,103812.0,705801,15021992,0,web-it-2004
/data1/wenqianz/web-it-2004.edges,6,2,./build/bin/degeneracy_cliques /data1/wenqianz/web-it-2004.edges 2 6,2025-08-29 09:57:21,124756.0,,103987.0,654593,14518412,0,web-it-2004
/data1/wenqianz/web-it-2004.edges,7,2,./build/bin/degeneracy_cliques /data1/wenqianz/web-it-2004.edges 2 7,2025-08-29 10:01:15,123247.0,,104168.0,604057,14046476,0,web-it-2004
/data1/wenqianz/web-it-2004.edges,8,2,./build/bin/degeneracy_cliques /data1/wenqianz/web-it-2004.edges 2 8,2025-08-29 10:05:07,129037.0,,103770.0,553507,13508756,0,web-it-2004
/data1/wenqianz/web-it-2004.edges,9,2,./build/bin/degeneracy_cliques /data1/wenqianz/web-it-2004.edges 2 9,2025-08-29 10:09:04,125458.0,,104109.0,502794,13034092,0,web-it-2004
/data1/wenqianz/web-it-2004.edges,10,2,./build/bin/degeneracy_cliques /data1/wenqianz/web-it-2004.edges 2 10,2025-08-29 10:12:58,150116.0,,138727.0,447081,11960368,0,web-it-2004
/data1/wenqianz/web-it-2004.edges,11,2,./build/bin/degeneracy_cliques /data1/wenqianz/web-it-2004.edges 2 11,2025-08-29 10:17:52,141275.0,,328792.0,379715,11237260,0,web-it-2004
/data1/wenqianz/web-it-2004.edges,12,2,./build/bin/degeneracy_cliques /data1/wenqianz/web-it-2004.edges 2 12,2025-08-29 10:25:46,126368.0,,387481.0,339235,10566116,0,web-it-2004
/data1/wenqianz/web-it-2004.edges,13,2,./build/bin/degeneracy_cliques /data1/wenqianz/web-it-2004.edges 2 13,2025-08-29 10:34:25,128667.0,,273363.0,298359,10272084,0,web-it-2004
/data1/wenqianz/web-it-2004.edges,14,2,./build/bin/degeneracy_cliques /data1/wenqianz/web-it-2004.edges 2 14,2025-08-29 10:41:11,142234.0,,291249.0,256629,9948172,0,web-it-2004
/data1/wenqianz/web-it-2004.edges,15,2,./build/bin/degeneracy_cliques /data1/wenqianz/web-it-2004.edges 2 15,2025-08-29 10:48:29,123825.0,,299377.0,212866,9284632,0,web-it-2004
/data1/wenqianz/web-it-2004.edges,16,2,./build/bin/degeneracy_cliques /data1/wenqianz/web-it-2004.edges 2 16,2025-08-29 10:55:37,129543.0,,307439.0,165635,9163748,0,web-it-2004
/data1/wenqianz/web-it-2004.edges,17,2,./build/bin/degeneracy_cliques /data1/wenqianz/web-it-2004.edges 2 17,2025-08-29 11:02:58,125941.0,,251300.0,119832,7955348,0,web-it-2004
/data1/wenqianz/web-it-2004.edges,18,2,./build/bin/degeneracy_cliques /data1/wenqianz/web-it-2004.edges 2 18,2025-08-29 11:09:19,122965.0,,251609.0,104294,8286580,0,web-it-2004
/data1/wenqianz/web-it-2004.edges,19,2,./build/bin/degeneracy_cliques /data1/wenqianz/web-it-2004.edges 2 19,2025-08-29 11:15:38,150039.0,,326474.0,94193,8325032,0,web-it-2004
/data1/wenqianz/web-it-2004.edges,20,2,./build/bin/degeneracy_cliques /data1/wenqianz/web-it-2004.edges 2 20,2025-08-29 11:23:39,130418.0,,338405.0,88471,8854412,0,web-it-2004
/data1/wenqianz/web-it-2004.edges,21,2,./build/bin/degeneracy_cliques /data1/wenqianz/web-it-2004.edges 2 21,2025-08-29 11:31:31,129072.0,,210394.0,84494,7328520,0,web-it-2004
/data1/wenqianz/web-it-2004.edges,22,2,./build/bin/degeneracy_cliques /data1/wenqianz/web-it-2004.edges 2 22,2025-08-29 11:37:15,122902.0,,429091.0,81637,9627156,0,web-it-2004
/data1/wenqianz/web-it-2004.edges,23,2,./build/bin/degeneracy_cliques /data1/wenqianz/web-it-2004.edges 2 23,2025-08-29 11:46:31,127880.0,,358703.0,80082,7721400,0,web-it-2004
/data1/wenqianz/web-it-2004.edges,24,2,./build/bin/degeneracy_cliques /data1/wenqianz/web-it-2004.edges 2 24,2025-08-29 11:54:42,123051.0,,431645.0,78784,7445276,0,web-it-2004
/data1/wenqianz/web-it-2004.edges,25,2,./build/bin/degeneracy_cliques /data1/wenqianz/web-it-2004.edges 2 25,2025-08-29 12:04:00,132751.0,,290435.0,77622,8237464,0,web-it-2004
/data1/wenqianz/web-it-2004.edges,26,2,./build/bin/degeneracy_cliques /data1/wenqianz/web-it-2004.edges 2 26,2025-08-29 12:11:08,122913.0,,385045.0,76609,8925136,0,web-it-2004
/data1/wenqianz/web-it-2004.edges,27,2,./build/bin/degeneracy_cliques /data1/wenqianz/web-it-2004.edges 2 27,2025-08-29 12:19:40,152083.0,,360848.0,75603,7515656,0,web-it-2004
/data1/wenqianz/web-it-2004.edges,28,2,./build/bin/degeneracy_cliques /data1/wenqianz/web-it-2004.edges 2 28,2025-08-29 12:28:17,128310.0,,366329.0,74616,7732888,0,web-it-2004
/data1/wenqianz/web-it-2004.edges,29,2,./build/bin/degeneracy_cliques /data1/wenqianz/web-it-2004.edges 2 29,2025-08-29 12:36:36,140877.0,,309095.0,73643,8534640,0,web-it-2004
/data1/wenqianz/web-it-2004.edges,30,2,./build/bin/degeneracy_cliques /data1/wenqianz/web-it-2004.edges 2 30,2025-08-29 12:44:11,129943.0,,,72679,9036996,0,web-it-2004
/data1/wenqianz/web-it-2004.edges,4,3,./build/bin/degeneracy_cliques /data1/wenqianz/web-it-2004.edges 3 4,2025-08-29 12:53:54,139805.0,30012.1,,757860,521855124,0,web-it-2004
/data1/wenqianz/web-it-2004.edges,5,3,./build/bin/degeneracy_cliques /data1/wenqianz/web-it-2004.edges 3 5,2025-08-29 13:47:37,139683.0,29505.2,,705801,520134980,0,web-it-2004
/data1/wenqianz/web-it-2004.edges,6,3,./build/bin/degeneracy_cliques /data1/wenqianz/web-it-2004.edges 3 6,2025-08-29 16:34:04,126581.0,29813.6,,654593,521562520,0,web-it-2004
/data1/wenqianz/web-it-2004.edges,7,3,./build/bin/degeneracy_cliques /data1/wenqianz/web-it-2004.edges 3 7,2025-08-29 19:31:32,122717.0,29816.0,,604057,446609616,0,web-it-2004
/data1/wenqianz/web-it-2004.edges,8,3,./build/bin/degeneracy_cliques /data1/wenqianz/web-it-2004.edges 3 8,2025-08-29 22:14:36,129986.0,29217.9,,553507,500342032,0,web-it-2004
/data1/wenqianz/web-it-2004.edges,9,3,./build/bin/degeneracy_cliques /data1/wenqianz/web-it-2004.edges 3 9,2025-08-30 01:12:54,146695.0,30261.0,,502794,483841296,0,web-it-2004
/data1/wenqianz/web-it-2004.edges,10,3,./build/bin/degeneracy_cliques /data1/wenqianz/web-it-2004.edges 3 10,2025-08-30 04:09:31,123788.0,29433.5,,447081,486807468,0,web-it-2004
/data1/wenqianz/web-it-2004.edges,11,3,./build/bin/degeneracy_cliques /data1/wenqianz/web-it-2004.edges 3 11,2025-08-30 07:02:10,132191.0,29814.7,,379715,461569696,0,web-it-2004
/data1/wenqianz/web-it-2004.edges,12,3,./build/bin/degeneracy_cliques /data1/wenqianz/web-it-2004.edges 3 12,2025-08-30 09:49:41,127681.0,29829.8,,339235,455003056,0,web-it-2004
/data1/wenqianz/web-it-2004.edges,13,3,./build/bin/degeneracy_cliques /data1/wenqianz/web-it-2004.edges 3 13,2025-08-30 12:36:56,122766.0,29232.1,,298359,433557632,0,web-it-2004
/data1/wenqianz/web-it-2004.edges,14,3,./build/bin/degeneracy_cliques /data1/wenqianz/web-it-2004.edges 3 14,2025-08-30 15:33:34,138521.0,28940.0,,256629,512628296,0,web-it-2004
/data1/wenqianz/web-it-2004.edges,15,3,./build/bin/degeneracy_cliques /data1/wenqianz/web-it-2004.edges 3 15,2025-08-31 01:47:10,124232.0,29227.9,,212866,46344952,0,web-it-2004
/data1/wenqianz/web-it-2004.edges,16,3,./build/bin/degeneracy_cliques /data1/wenqianz/web-it-2004.edges 3 16,2025-08-31 01:49:54,122742.0,28498.0,,165635,45796912,0,web-it-2004
/data1/wenqianz/com-dblp.edges,3,1,./build/bin/degeneracy_cliques /data1/wenqianz/com-dblp.edges 1 3,2025-08-31 02:06:39,690.473,,1008.0,479496,1731720,0,com-dblp
/data1/wenqianz/com-dblp.edges,4,1,./build/bin/degeneracy_cliques /data1/wenqianz/com-dblp.edges 1 4,2025-08-31 02:06:42,662.786,,604.0,247029,959588,0,com-dblp
/data1/wenqianz/com-dblp.edges,5,1,./build/bin/degeneracy_cliques /data1/wenqianz/com-dblp.edges 1 5,2025-08-31 02:06:45,642.616,,340.0,123565,542364,0,com-dblp
/data1/wenqianz/com-dblp.edges,6,1,./build/bin/degeneracy_cliques /data1/wenqianz/com-dblp.edges 1 6,2025-08-31 02:06:46,635.896,,208.0,66739,348488,0,com-dblp
/data1/wenqianz/com-dblp.edges,7,1,./build/bin/degeneracy_cliques /data1/wenqianz/com-dblp.edges 1 7,2025-08-31 02:06:48,624.013,,143.0,40000,255948,0,com-dblp
/data1/wenqianz/com-dblp.edges,8,1,./build/bin/degeneracy_cliques /data1/wenqianz/com-dblp.edges 1 8,2025-08-31 02:06:50,622.48,,106.0,26257,207716,0,com-dblp
/data1/wenqianz/com-dblp.edges,9,1,./build/bin/degeneracy_cliques /data1/wenqianz/com-dblp.edges 1 9,2025-08-31 02:06:51,565.015,,72.0,18537,180220,0,com-dblp
/data1/wenqianz/com-dblp.edges,10,1,./build/bin/degeneracy_cliques /data1/wenqianz/com-dblp.edges 1 10,2025-08-31 02:06:52,496.023,,61.0,13829,163068,0,com-dblp
/data1/wenqianz/com-dblp.edges,11,1,./build/bin/degeneracy_cliques /data1/wenqianz/com-dblp.edges 1 11,2025-08-31 02:06:54,619.492,,66.0,10730,151660,0,com-dblp
/data1/wenqianz/com-dblp.edges,12,1,./build/bin/degeneracy_cliques /data1/wenqianz/com-dblp.edges 1 12,2025-08-31 02:06:55,507.04,,49.0,8574,143548,0,com-dblp
/data1/wenqianz/com-dblp.edges,13,1,./build/bin/degeneracy_cliques /data1/wenqianz/com-dblp.edges 1 13,2025-08-31 02:06:56,609.927,,56.0,6995,137304,0,com-dblp
/data1/wenqianz/com-dblp.edges,14,1,./build/bin/degeneracy_cliques /data1/wenqianz/com-dblp.edges 1 14,2025-08-31 02:06:58,615.517,,53.0,5799,133028,0,com-dblp
/data1/wenqianz/com-dblp.edges,15,1,./build/bin/degeneracy_cliques /data1/wenqianz/com-dblp.edges 1 15,2025-08-31 02:06:59,610.624,,50.0,4895,129368,0,com-dblp
/data1/wenqianz/com-dblp.edges,16,1,./build/bin/degeneracy_cliques /data1/wenqianz/com-dblp.edges 1 16,2025-08-31 02:07:00,612.673,,49.0,4201,127496,0,com-dblp
/data1/wenqianz/com-dblp.edges,17,1,./build/bin/degeneracy_cliques /data1/wenqianz/com-dblp.edges 1 17,2025-08-31 02:07:02,613.381,,48.0,3654,127048,0,com-dblp
/data1/wenqianz/com-dblp.edges,18,1,./build/bin/degeneracy_cliques /data1/wenqianz/com-dblp.edges 1 18,2025-08-31 02:07:03,609.734,,47.0,3215,126852,0,com-dblp
/data1/wenqianz/com-dblp.edges,19,1,./build/bin/degeneracy_cliques /data1/wenqianz/com-dblp.edges 1 19,2025-08-31 02:07:05,610.974,,46.0,2844,126508,0,com-dblp
/data1/wenqianz/com-dblp.edges,20,1,./build/bin/degeneracy_cliques /data1/wenqianz/com-dblp.edges 1 20,2025-08-31 02:07:06,583.209,,38.0,2519,126456,0,com-dblp
/data1/wenqianz/com-dblp.edges,21,1,./build/bin/degeneracy_cliques /data1/wenqianz/com-dblp.edges 1 21,2025-08-31 02:07:07,609.586,,45.0,2230,126076,0,com-dblp
/data1/wenqianz/com-dblp.edges,22,1,./build/bin/degeneracy_cliques /data1/wenqianz/com-dblp.edges 1 22,2025-08-31 02:07:09,615.621,,45.0,1975,125848,0,com-dblp
/data1/wenqianz/com-dblp.edges,23,1,./build/bin/degeneracy_cliques /data1/wenqianz/com-dblp.edges 1 23,2025-08-31 02:07:10,617.841,,45.0,1754,125532,0,com-dblp
/data1/wenqianz/com-dblp.edges,24,1,./build/bin/degeneracy_cliques /data1/wenqianz/com-dblp.edges 1 24,2025-08-31 02:07:12,611.127,,44.0,1566,125492,0,com-dblp
/data1/wenqianz/com-dblp.edges,25,1,./build/bin/degeneracy_cliques /data1/wenqianz/com-dblp.edges 1 25,2025-08-31 02:07:13,606.41,,44.0,1395,125228,0,com-dblp
/data1/wenqianz/com-dblp.edges,26,1,./build/bin/degeneracy_cliques /data1/wenqianz/com-dblp.edges 1 26,2025-08-31 02:07:14,610.202,,44.0,1240,125200,0,com-dblp
/data1/wenqianz/com-dblp.edges,27,1,./build/bin/degeneracy_cliques /data1/wenqianz/com-dblp.edges 1 27,2025-08-31 02:07:16,611.681,,44.0,1100,124896,0,com-dblp
/data1/wenqianz/com-dblp.edges,28,1,./build/bin/degeneracy_cliques /data1/wenqianz/com-dblp.edges 1 28,2025-08-31 02:07:17,607.731,,43.0,975,124884,0,com-dblp
/data1/wenqianz/com-dblp.edges,29,1,./build/bin/degeneracy_cliques /data1/wenqianz/com-dblp.edges 1 29,2025-08-31 02:07:19,611.94,,43.0,866,124892,0,com-dblp
/data1/wenqianz/com-dblp.edges,30,1,./build/bin/degeneracy_cliques /data1/wenqianz/com-dblp.edges 1 30,2025-08-31 02:07:20,608.695,,43.0,769,124832,0,com-dblp
/data1/wenqianz/com-dblp.edges,4,2,./build/bin/degeneracy_cliques /data1/wenqianz/com-dblp.edges 2 4,2025-08-31 02:07:21,660.151,,1872.0,247029,2614468,0,com-dblp
/data1/wenqianz/com-dblp.edges,5,2,./build/bin/degeneracy_cliques /data1/wenqianz/com-dblp.edges 2 5,2025-08-31 02:07:25,654.285,,1224.0,123565,1414348,0,com-dblp
/data1/wenqianz/com-dblp.edges,6,2,./build/bin/degeneracy_cliques /data1/wenqianz/com-dblp.edges 2 6,2025-08-31 02:07:28,630.569,,858.0,66739,855008,0,com-dblp
/data1/wenqianz/com-dblp.edges,7,2,./build/bin/degeneracy_cliques /data1/wenqianz/com-dblp.edges 2 7,2025-08-31 02:07:30,501.406,,551.0,40000,590664,0,com-dblp
/data1/wenqianz/com-dblp.edges,8,2,./build/bin/degeneracy_cliques /data1/wenqianz/com-dblp.edges 2 8,2025-08-31 02:07:32,511.48,,444.0,26257,453184,0,com-dblp
/data1/wenqianz/com-dblp.edges,9,2,./build/bin/degeneracy_cliques /data1/wenqianz/com-dblp.edges 2 9,2025-08-31 02:07:33,496.386,,369.0,18537,374648,0,com-dblp
/data1/wenqianz/com-dblp.edges,10,2,./build/bin/degeneracy_cliques /data1/wenqianz/com-dblp.edges 2 10,2025-08-31 02:07:35,500.376,,333.0,13829,326488,0,com-dblp
/data1/wenqianz/com-dblp.edges,11,2,./build/bin/degeneracy_cliques /data1/wenqianz/com-dblp.edges 2 11,2025-08-31 02:07:36,494.863,,296.0,10730,294196,0,com-dblp
/data1/wenqianz/com-dblp.edges,12,2,./build/bin/degeneracy_cliques /data1/wenqianz/com-dblp.edges 2 12,2025-08-31 02:07:38,611.907,,333.0,8574,271828,0,com-dblp
/data1/wenqianz/com-dblp.edges,13,2,./build/bin/degeneracy_cliques /data1/wenqianz/com-dblp.edges 2 13,2025-08-31 02:07:40,615.948,,313.0,6995,255004,0,com-dblp
/data1/wenqianz/com-dblp.edges,14,2,./build/bin/degeneracy_cliques /data1/wenqianz/com-dblp.edges 2 14,2025-08-31 02:07:41,496.677,,240.0,5799,242676,0,com-dblp
/data1/wenqianz/com-dblp.edges,15,2,./build/bin/degeneracy_cliques /data1/wenqianz/com-dblp.edges 2 15,2025-08-31 02:07:43,614.213,,296.0,4895,233396,0,com-dblp
/data1/wenqianz/com-dblp.edges,16,2,./build/bin/degeneracy_cliques /data1/wenqianz/com-dblp.edges 2 16,2025-08-31 02:07:44,612.684,,314.0,4201,231656,0,com-dblp
/data1/wenqianz/com-dblp.edges,17,2,./build/bin/degeneracy_cliques /data1/wenqianz/com-dblp.edges 2 17,2025-08-31 02:07:46,611.974,,317.0,3654,231408,0,com-dblp
/data1/wenqianz/com-dblp.edges,18,2,./build/bin/degeneracy_cliques /data1/wenqianz/com-dblp.edges 2 18,2025-08-31 02:07:48,616.442,,302.0,3215,231136,0,com-dblp
/data1/wenqianz/com-dblp.edges,19,2,./build/bin/degeneracy_cliques /data1/wenqianz/com-dblp.edges 2 19,2025-08-31 02:07:50,614.593,,343.0,2844,230724,0,com-dblp
/data1/wenqianz/com-dblp.edges,20,2,./build/bin/degeneracy_cliques /data1/wenqianz/com-dblp.edges 2 20,2025-08-31 02:07:51,610.196,,342.0,2519,230800,0,com-dblp
/data1/wenqianz/com-dblp.edges,21,2,./build/bin/degeneracy_cliques /data1/wenqianz/com-dblp.edges 2 21,2025-08-31 02:07:53,609.26,,283.0,2230,230460,0,com-dblp
/data1/wenqianz/com-dblp.edges,22,2,./build/bin/degeneracy_cliques /data1/wenqianz/com-dblp.edges 2 22,2025-08-31 02:07:55,616.064,,256.0,1975,230148,0,com-dblp
/data1/wenqianz/com-dblp.edges,23,2,./build/bin/degeneracy_cliques /data1/wenqianz/com-dblp.edges 2 23,2025-08-31 02:07:56,607.406,,310.0,1754,230120,0,com-dblp
/data1/wenqianz/com-dblp.edges,24,2,./build/bin/degeneracy_cliques /data1/wenqianz/com-dblp.edges 2 24,2025-08-31 02:07:58,610.27,,361.0,1566,229752,0,com-dblp
/data1/wenqianz/com-dblp.edges,25,2,./build/bin/degeneracy_cliques /data1/wenqianz/com-dblp.edges 2 25,2025-08-31 02:08:00,608.474,,314.0,1395,229620,0,com-dblp
/data1/wenqianz/com-dblp.edges,26,2,./build/bin/degeneracy_cliques /data1/wenqianz/com-dblp.edges 2 26,2025-08-31 02:08:01,606.132,,244.0,1240,229460,0,com-dblp
/data1/wenqianz/com-dblp.edges,27,2,./build/bin/degeneracy_cliques /data1/wenqianz/com-dblp.edges 2 27,2025-08-31 02:08:03,499.319,,320.0,1100,229468,0,com-dblp
/data1/wenqianz/com-dblp.edges,28,2,./build/bin/degeneracy_cliques /data1/wenqianz/com-dblp.edges 2 28,2025-08-31 02:08:04,608.398,,292.0,975,229172,0,com-dblp
/data1/wenqianz/com-dblp.edges,29,2,./build/bin/degeneracy_cliques /data1/wenqianz/com-dblp.edges 2 29,2025-08-31 02:08:06,494.001,,266.0,866,229084,0,com-dblp
/data1/wenqianz/com-dblp.edges,30,2,./build/bin/degeneracy_cliques /data1/wenqianz/com-dblp.edges 2 30,2025-08-31 02:08:07,607.453,,382.0,769,229004,0,com-dblp
/data1/wenqianz/com-dblp.edges,4,3,./build/bin/degeneracy_cliques /data1/wenqianz/com-dblp.edges 3 4,2025-08-31 02:08:09,659.185,341.655,4960.0,247029,2280200,0,com-dblp
/data1/wenqianz/com-dblp.edges,5,3,./build/bin/degeneracy_cliques /data1/wenqianz/com-dblp.edges 3 5,2025-08-31 02:08:16,517.95,236.161,4525.0,123565,2118684,0,com-dblp
/data1/wenqianz/com-dblp.edges,6,3,./build/bin/degeneracy_cliques /data1/wenqianz/com-dblp.edges 3 6,2025-08-31 02:08:22,631.288,234.165,4086.0,66739,1838744,0,com-dblp
/data1/wenqianz/com-dblp.edges,7,3,./build/bin/degeneracy_cliques /data1/wenqianz/com-dblp.edges 3 7,2025-08-31 02:08:27,501.817,166.739,3650.0,40000,1628964,0,com-dblp
/data1/wenqianz/com-dblp.edges,8,3,./build/bin/degeneracy_cliques /data1/wenqianz/com-dblp.edges 3 8,2025-08-31 02:08:32,621.856,179.86,3507.0,26257,1470624,0,com-dblp
/data1/wenqianz/com-dblp.edges,9,3,./build/bin/degeneracy_cliques /data1/wenqianz/com-dblp.edges 3 9,2025-08-31 02:08:37,615.888,163.762,3345.0,18537,1354608,0,com-dblp
/data1/wenqianz/com-dblp.edges,10,3,./build/bin/degeneracy_cliques /data1/wenqianz/com-dblp.edges 3 10,2025-08-31 02:08:42,615.341,151.693,3180.0,13829,1264292,0,com-dblp
/data1/wenqianz/com-dblp.edges,11,3,./build/bin/degeneracy_cliques /data1/wenqianz/com-dblp.edges 3 11,2025-08-31 02:08:46,495.844,117.875,2997.0,10730,1179540,0,com-dblp
/data1/wenqianz/com-dblp.edges,12,3,./build/bin/degeneracy_cliques /data1/wenqianz/com-dblp.edges 3 12,2025-08-31 02:08:50,493.248,111.348,2853.0,8574,1116392,0,com-dblp
/data1/wenqianz/com-dblp.edges,13,3,./build/bin/degeneracy_cliques /data1/wenqianz/com-dblp.edges 3 13,2025-08-31 02:08:54,614.739,127.253,2948.0,6995,1060672,0,com-dblp
/data1/wenqianz/com-dblp.edges,14,3,./build/bin/degeneracy_cliques /data1/wenqianz/com-dblp.edges 3 14,2025-08-31 02:08:59,498.065,100.796,2690.0,5799,1006380,0,com-dblp
/data1/wenqianz/com-dblp.edges,15,3,./build/bin/degeneracy_cliques /data1/wenqianz/com-dblp.edges 3 15,2025-08-31 02:09:03,622.127,117.229,2707.0,4895,964416,0,com-dblp
/data1/wenqianz/com-dblp.edges,16,3,./build/bin/degeneracy_cliques /data1/wenqianz/com-dblp.edges 3 16,2025-08-31 02:09:07,496.778,93.1812,5151.0,4201,1183608,0,com-dblp
/data1/wenqianz/com-dblp.edges,17,3,./build/bin/degeneracy_cliques /data1/wenqianz/com-dblp.edges 3 17,2025-08-31 02:09:13,609.074,108.372,7125.0,3654,1279876,0,com-dblp
/data1/wenqianz/com-dblp.edges,18,3,./build/bin/degeneracy_cliques /data1/wenqianz/com-dblp.edges 3 18,2025-08-31 02:09:22,612.219,104.961,9579.0,3215,1308492,0,com-dblp
/data1/wenqianz/com-dblp.edges,19,3,./build/bin/degeneracy_cliques /data1/wenqianz/com-dblp.edges 3 19,2025-08-31 02:09:33,491.697,86.1855,,2844,1177376,0,com-dblp
/data1/wenqianz/com-dblp.edges,20,3,./build/bin/degeneracy_cliques /data1/wenqianz/com-dblp.edges 3 20,2025-08-31 04:18:09,610.519,100.192,3586255.0,2519,150110708,0,com-dblp
/data1/wenqianz/com-dblp.edges,21,3,./build/bin/degeneracy_cliques /data1/wenqianz/com-dblp.edges 3 21,2025-08-31 05:18:04,615.055,97.2926,69124.0,2230,4965036,0,com-dblp
/data1/wenqianz/com-dblp.edges,22,3,./build/bin/degeneracy_cliques /data1/wenqianz/com-dblp.edges 3 22,2025-08-31 05:19:15,615.092,93.8407,14421806.0,1975,1228080,0,com-dblp
/data1/wenqianz/com-dblp.edges,23,3,./build/bin/degeneracy_cliques /data1/wenqianz/com-dblp.edges 3 23,2025-08-31 09:19:38,608.994,91.7207,3239059.0,1754,2554036,0,com-dblp
/data1/wenqianz/com-dblp.edges,24,3,./build/bin/degeneracy_cliques /data1/wenqianz/com-dblp.edges 3 24,2025-08-31 10:13:38,609.234,89.7526,6364354.0,1566,3103076,0,com-dblp
/data1/wenqianz/com-dblp.edges,25,3,./build/bin/degeneracy_cliques /data1/wenqianz/com-dblp.edges 3 25,2025-08-31 11:59:44,606.547,86.9427,1480438.0,1395,10936836,0,com-dblp
/data1/wenqianz/com-dblp.edges,26,3,./build/bin/degeneracy_cliques /data1/wenqianz/com-dblp.edges 3 26,2025-08-31 12:24:27,611.408,84.7072,95244.0,1240,6123804,0,com-dblp
/data1/wenqianz/com-dblp.edges,27,3,./build/bin/degeneracy_cliques /data1/wenqianz/com-dblp.edges 3 27,2025-08-31 12:26:04,503.611,71.7171,74703.0,1100,5795084,0,com-dblp
/data1/wenqianz/com-dblp.edges,28,3,./build/bin/degeneracy_cliques /data1/wenqianz/com-dblp.edges 3 28,2025-08-31 12:27:19,605.622,81.3024,5992564.0,975,3517712,0,com-dblp
/data1/wenqianz/com-dblp.edges,29,3,./build/bin/degeneracy_cliques /data1/wenqianz/com-dblp.edges 3 29,2025-08-31 14:07:13,611.721,79.341,126318.0,866,1457164,0,com-dblp
/data1/wenqianz/com-dblp.edges,30,3,./build/bin/degeneracy_cliques /data1/wenqianz/com-dblp.edges 3 30,2025-08-31 14:09:21,496.113,66.3408,62815.0,769,5437016,0,com-dblp
/data1/wenqianz/web-Google.edges,3,1,./build/bin/degeneracy_cliques /data1/wenqianz/web-Google.edges 1 3,2025-08-31 14:10:25,13932.1,,6282.0,3799558,13508900,0,web-Google
/data1/wenqianz/web-Google.edges,4,1,./build/bin/degeneracy_cliques /data1/wenqianz/web-Google.edges 1 4,2025-08-31 14:10:51,13987.9,,5520.0,3196972,11636444,0,web-Google
/data1/wenqianz/web-Google.edges,5,1,./build/bin/degeneracy_cliques /data1/wenqianz/web-Google.edges 1 5,2025-08-31 14:11:15,13903.7,,4577.0,2557157,9493248,0,web-Google
/data1/wenqianz/web-Google.edges,6,1,./build/bin/degeneracy_cliques /data1/wenqianz/web-Google.edges 1 6,2025-08-31 14:11:38,13856.4,,3773.0,2044544,7739508,0,web-Google
/data1/wenqianz/web-Google.edges,7,1,./build/bin/degeneracy_cliques /data1/wenqianz/web-Google.edges 1 7,2025-08-31 14:12:00,13750.1,,3084.0,1619352,6269724,0,web-Google
/data1/wenqianz/web-Google.edges,8,1,./build/bin/degeneracy_cliques /data1/wenqianz/web-Google.edges 1 8,2025-08-31 14:12:21,13839.9,,2500.0,1266650,5038208,0,web-Google
/data1/wenqianz/web-Google.edges,9,1,./build/bin/degeneracy_cliques /data1/wenqianz/web-Google.edges 1 9,2025-08-31 14:12:41,13699.0,,1965.0,971755,3995924,0,web-Google
/data1/wenqianz/web-Google.edges,10,1,./build/bin/degeneracy_cliques /data1/wenqianz/web-Google.edges 1 10,2025-08-31 14:13:00,13566.3,,1522.0,730618,3137700,0,web-Google
/data1/wenqianz/web-Google.edges,11,1,./build/bin/degeneracy_cliques /data1/wenqianz/web-Google.edges 1 11,2025-08-31 14:13:19,13429.8,,1169.0,538760,2448324,0,web-Google
/data1/wenqianz/web-Google.edges,12,1,./build/bin/degeneracy_cliques /data1/wenqianz/web-Google.edges 1 12,2025-08-31 14:13:37,13535.2,,890.0,389528,1908420,0,web-Google
/data1/wenqianz/web-Google.edges,13,1,./build/bin/degeneracy_cliques /data1/wenqianz/web-Google.edges 1 13,2025-08-31 14:13:54,13508.3,,661.0,274019,1486092,0,web-Google
/data1/wenqianz/web-Google.edges,14,1,./build/bin/degeneracy_cliques /data1/wenqianz/web-Google.edges 1 14,2025-08-31 14:14:11,13408.1,,490.0,186911,1164060,0,web-Google
/data1/wenqianz/web-Google.edges,15,1,./build/bin/degeneracy_cliques /data1/wenqianz/web-Google.edges 1 15,2025-08-31 14:14:28,13437.3,,357.0,123415,924676,0,web-Google
/data1/wenqianz/web-Google.edges,16,1,./build/bin/degeneracy_cliques /data1/wenqianz/web-Google.edges 1 16,2025-08-31 14:14:45,13539.6,,271.0,79516,757136,0,web-Google
/data1/wenqianz/web-Google.edges,17,1,./build/bin/degeneracy_cliques /data1/wenqianz/web-Google.edges 1 17,2025-08-31 14:15:01,13456.9,,209.0,50221,642956,0,web-Google
/data1/wenqianz/web-Google.edges,18,1,./build/bin/degeneracy_cliques /data1/wenqianz/web-Google.edges 1 18,2025-08-31 14:15:18,13372.7,,165.0,31381,568344,0,web-Google
/data1/wenqianz/web-Google.edges,19,1,./build/bin/degeneracy_cliques /data1/wenqianz/web-Google.edges 1 19,2025-08-31 14:15:34,13363.2,,137.0,19291,520084,0,web-Google
/data1/wenqianz/web-Google.edges,20,1,./build/bin/degeneracy_cliques /data1/wenqianz/web-Google.edges 1 20,2025-08-31 14:15:50,13346.5,,116.0,12017,492676,0,web-Google
/data1/wenqianz/web-Google.edges,21,1,./build/bin/degeneracy_cliques /data1/wenqianz/web-Google.edges 1 21,2025-08-31 14:16:06,13342.3,,112.0,7987,489732,0,web-Google
/data1/wenqianz/web-Google.edges,22,1,./build/bin/degeneracy_cliques /data1/wenqianz/web-Google.edges 1 22,2025-08-31 14:16:22,13351.9,,106.0,5653,488020,0,web-Google
/data1/wenqianz/web-Google.edges,23,1,./build/bin/degeneracy_cliques /data1/wenqianz/web-Google.edges 1 23,2025-08-31 14:16:37,13373.3,,110.0,4203,486920,0,web-Google
/data1/wenqianz/web-Google.edges,24,1,./build/bin/degeneracy_cliques /data1/wenqianz/web-Google.edges 1 24,2025-08-31 14:16:54,13303.3,,103.0,3322,486124,0,web-Google
/data1/wenqianz/web-Google.edges,25,1,./build/bin/degeneracy_cliques /data1/wenqianz/web-Google.edges 1 25,2025-08-31 14:17:10,13379.9,,103.0,2648,485544,0,web-Google
/data1/wenqianz/web-Google.edges,26,1,./build/bin/degeneracy_cliques /data1/wenqianz/web-Google.edges 1 26,2025-08-31 14:17:26,13594.1,,101.0,2177,485104,0,web-Google
/data1/wenqianz/web-Google.edges,27,1,./build/bin/degeneracy_cliques /data1/wenqianz/web-Google.edges 1 27,2025-08-31 14:17:42,13529.9,,100.0,1866,484624,0,web-Google
/data1/wenqianz/web-Google.edges,28,1,./build/bin/degeneracy_cliques /data1/wenqianz/web-Google.edges 1 28,2025-08-31 14:17:58,13362.4,,102.0,1601,484176,0,web-Google
/data1/wenqianz/web-Google.edges,29,1,./build/bin/degeneracy_cliques /data1/wenqianz/web-Google.edges 1 29,2025-08-31 14:18:14,13350.6,,100.0,1360,483960,0,web-Google
/data1/wenqianz/web-Google.edges,30,1,./build/bin/degeneracy_cliques /data1/wenqianz/web-Google.edges 1 30,2025-08-31 14:18:30,13332.6,,97.0,1177,483804,0,web-Google
/data1/wenqianz/web-Google.edges,4,2,./build/bin/degeneracy_cliques /data1/wenqianz/web-Google.edges 2 4,2025-08-31 14:18:46,13792.4,,22067.0,3196972,32135292,0,web-Google
/data1/wenqianz/web-Google.edges,5,2,./build/bin/degeneracy_cliques /data1/wenqianz/web-Google.edges 2 5,2025-08-31 14:19:28,13811.7,,19957.0,2557157,25944036,0,web-Google
/data1/wenqianz/web-Google.edges,6,2,./build/bin/degeneracy_cliques /data1/wenqianz/web-Google.edges 2 6,2025-08-31 14:20:08,13782.7,,17180.0,2044544,20966476,0,web-Google
/data1/wenqianz/web-Google.edges,7,2,./build/bin/degeneracy_cliques /data1/wenqianz/web-Google.edges 2 7,2025-08-31 14:20:44,13713.7,,14801.0,1619352,16821456,0,web-Google
/data1/wenqianz/web-Google.edges,8,2,./build/bin/degeneracy_cliques /data1/wenqianz/web-Google.edges 2 8,2025-08-31 14:21:17,13726.3,,12467.0,1266650,13369204,0,web-Google
/data1/wenqianz/web-Google.edges,9,2,./build/bin/degeneracy_cliques /data1/wenqianz/web-Google.edges 2 9,2025-08-31 14:21:48,13620.1,,10382.0,971755,10467636,0,web-Google
/data1/wenqianz/web-Google.edges,10,2,./build/bin/degeneracy_cliques /data1/wenqianz/web-Google.edges 2 10,2025-08-31 14:22:16,13570.6,,8453.0,730618,8085696,0,web-Google
/data1/wenqianz/web-Google.edges,11,2,./build/bin/degeneracy_cliques /data1/wenqianz/web-Google.edges 2 11,2025-08-31 14:22:41,13485.1,,6731.0,538760,6178444,0,web-Google
/data1/wenqianz/web-Google.edges,12,2,./build/bin/degeneracy_cliques /data1/wenqianz/web-Google.edges 2 12,2025-08-31 14:23:05,13523.4,,5284.0,389528,4692600,0,web-Google
/data1/wenqianz/web-Google.edges,13,2,./build/bin/degeneracy_cliques /data1/wenqianz/web-Google.edges 2 13,2025-08-31 14:23:27,13432.7,,4096.0,274019,3531556,0,web-Google
/data1/wenqianz/web-Google.edges,14,2,./build/bin/degeneracy_cliques /data1/wenqianz/web-Google.edges 2 14,2025-08-31 14:23:48,13380.3,,3114.0,186911,2652704,0,web-Google
/data1/wenqianz/web-Google.edges,15,2,./build/bin/degeneracy_cliques /data1/wenqianz/web-Google.edges 2 15,2025-08-31 14:24:07,13334.0,,2362.0,123415,2005560,0,web-Google
/data1/wenqianz/web-Google.edges,16,2,./build/bin/degeneracy_cliques /data1/wenqianz/web-Google.edges 2 16,2025-08-31 14:24:26,13300.4,,1813.0,79516,1554600,0,web-Google
/data1/wenqianz/web-Google.edges,17,2,./build/bin/degeneracy_cliques /data1/wenqianz/web-Google.edges 2 17,2025-08-31 14:24:44,13342.0,,1422.0,50221,1249896,0,web-Google
/data1/wenqianz/web-Google.edges,18,2,./build/bin/degeneracy_cliques /data1/wenqianz/web-Google.edges 2 18,2025-08-31 14:25:01,13447.9,,1111.0,31381,1051564,0,web-Google
/data1/wenqianz/web-Google.edges,19,2,./build/bin/degeneracy_cliques /data1/wenqianz/web-Google.edges 2 19,2025-08-31 14:25:18,13289.4,,913.0,19291,931052,0,web-Google
/data1/wenqianz/web-Google.edges,20,2,./build/bin/degeneracy_cliques /data1/wenqianz/web-Google.edges 2 20,2025-08-31 14:25:35,13306.3,,802.0,12017,926404,0,web-Google
/data1/wenqianz/web-Google.edges,21,2,./build/bin/degeneracy_cliques /data1/wenqianz/web-Google.edges 2 21,2025-08-31 14:25:51,13321.6,,741.0,7987,923976,0,web-Google
/data1/wenqianz/web-Google.edges,22,2,./build/bin/degeneracy_cliques /data1/wenqianz/web-Google.edges 2 22,2025-08-31 14:26:08,13264.3,,675.0,5653,922404,0,web-Google
/data1/wenqianz/web-Google.edges,23,2,./build/bin/degeneracy_cliques /data1/wenqianz/web-Google.edges 2 23,2025-08-31 14:26:25,13298.6,,652.0,4203,921732,0,web-Google
/data1/wenqianz/web-Google.edges,24,2,./build/bin/degeneracy_cliques /data1/wenqianz/web-Google.edges 2 24,2025-08-31 14:26:41,13314.1,,629.0,3322,920828,0,web-Google
/data1/wenqianz/web-Google.edges,25,2,./build/bin/degeneracy_cliques /data1/wenqianz/web-Google.edges 2 25,2025-08-31 14:26:58,13251.7,,617.0,2648,920240,0,web-Google
/data1/wenqianz/web-Google.edges,26,2,./build/bin/degeneracy_cliques /data1/wenqianz/web-Google.edges 2 26,2025-08-31 14:27:15,13244.8,,614.0,2177,919732,0,web-Google
/data1/wenqianz/web-Google.edges,27,2,./build/bin/degeneracy_cliques /data1/wenqianz/web-Google.edges 2 27,2025-08-31 14:27:31,13431.5,,611.0,1866,919132,0,web-Google
/data1/wenqianz/web-Google.edges,28,2,./build/bin/degeneracy_cliques /data1/wenqianz/web-Google.edges 2 28,2025-08-31 14:27:48,13351.9,,605.0,1601,918804,0,web-Google
/data1/wenqianz/web-Google.edges,29,2,./build/bin/degeneracy_cliques /data1/wenqianz/web-Google.edges 2 29,2025-08-31 14:28:04,13344.4,,600.0,1360,918576,0,web-Google
/data1/wenqianz/web-Google.edges,30,2,./build/bin/degeneracy_cliques /data1/wenqianz/web-Google.edges 2 30,2025-08-31 14:28:21,13319.9,,595.0,1177,918352,0,web-Google
/data1/wenqianz/web-Google.edges,4,3,./build/bin/degeneracy_cliques /data1/wenqianz/web-Google.edges 3 4,2025-08-31 14:28:38,13886.0,1755.28,54790.0,3196972,11570764,0,web-Google
/data1/wenqianz/web-Google.edges,5,3,./build/bin/degeneracy_cliques /data1/wenqianz/web-Google.edges 3 5,2025-08-31 14:29:51,13880.5,1572.27,68447.0,2557157,18601672,0,web-Google
/data1/wenqianz/web-Google.edges,6,3,./build/bin/degeneracy_cliques /data1/wenqianz/web-Google.edges 3 6,2025-08-31 14:31:17,13813.4,1395.88,68716.0,2044544,18149664,0,web-Google
/data1/wenqianz/web-Google.edges,7,3,./build/bin/degeneracy_cliques /data1/wenqianz/web-Google.edges 3 7,2025-08-31 14:32:44,13705.1,1210.12,63903.0,1619352,16515488,0,web-Google
/data1/wenqianz/web-Google.edges,8,3,./build/bin/degeneracy_cliques /data1/wenqianz/web-Google.edges 3 8,2025-08-31 14:34:06,13754.3,1055.51,58129.0,1266650,14354064,0,web-Google
/data1/wenqianz/web-Google.edges,9,3,./build/bin/degeneracy_cliques /data1/wenqianz/web-Google.edges 3 9,2025-08-31 14:35:22,13618.6,898.432,51294.0,971755,12513172,0,web-Google
/data1/wenqianz/web-Google.edges,10,3,./build/bin/degeneracy_cliques /data1/wenqianz/web-Google.edges 3 10,2025-08-31 14:36:30,13550.3,743.252,44604.0,730618,10526912,0,web-Google
/data1/wenqianz/web-Google.edges,11,3,./build/bin/degeneracy_cliques /data1/wenqianz/web-Google.edges 3 11,2025-08-31 14:37:32,13538.3,635.253,38105.0,538760,8790372,0,web-Google
/data1/wenqianz/web-Google.edges,12,3,./build/bin/degeneracy_cliques /data1/wenqianz/web-Google.edges 3 12,2025-08-31 14:38:27,13470.8,510.92,31386.0,389528,7217568,0,web-Google
/data1/wenqianz/web-Google.edges,13,3,./build/bin/degeneracy_cliques /data1/wenqianz/web-Google.edges 3 13,2025-08-31 14:39:15,13496.8,432.227,25626.0,274019,5934348,0,web-Google
/data1/wenqianz/web-Google.edges,14,3,./build/bin/degeneracy_cliques /data1/wenqianz/web-Google.edges 3 14,2025-08-31 14:39:57,13426.7,347.054,20328.0,186911,4985360,0,web-Google
/data1/wenqianz/web-Google.edges,15,3,./build/bin/degeneracy_cliques /data1/wenqianz/web-Google.edges 3 15,2025-08-31 14:40:34,13546.7,285.0,16489.0,123415,4034964,0,web-Google
/data1/wenqianz/web-Google.edges,16,3,./build/bin/degeneracy_cliques /data1/wenqianz/web-Google.edges 3 16,2025-08-31 14:41:07,13341.3,238.995,12303.0,79516,3214344,0,web-Google
/data1/wenqianz/web-Google.edges,17,3,./build/bin/degeneracy_cliques /data1/wenqianz/web-Google.edges 3 17,2025-08-31 14:41:35,13382.5,201.227,9197.0,50221,2594428,0,web-Google
/data1/wenqianz/web-Google.edges,18,3,./build/bin/degeneracy_cliques /data1/wenqianz/web-Google.edges 3 18,2025-08-31 14:42:01,13321.9,165.363,7363.0,31381,2064968,0,web-Google
/data1/wenqianz/web-Google.edges,19,3,./build/bin/degeneracy_cliques /data1/wenqianz/web-Google.edges 3 19,2025-08-31 14:42:24,13256.6,143.106,6115.0,19291,1607188,0,web-Google
/data1/wenqianz/web-Google.edges,20,3,./build/bin/degeneracy_cliques /data1/wenqianz/web-Google.edges 3 20,2025-08-31 14:42:46,13257.3,126.658,4468.0,12017,1285240,0,web-Google
/data1/wenqianz/web-Google.edges,21,3,./build/bin/degeneracy_cliques /data1/wenqianz/web-Google.edges 3 21,2025-08-31 14:43:06,13308.1,117.053,3410.0,7987,1005756,0,web-Google
/data1/wenqianz/web-Google.edges,22,3,./build/bin/degeneracy_cliques /data1/wenqianz/web-Google.edges 3 22,2025-08-31 14:43:25,13426.4,116.1,2784.0,5653,825788,0,web-Google
/data1/wenqianz/web-Google.edges,23,3,./build/bin/degeneracy_cliques /data1/wenqianz/web-Google.edges 3 23,2025-08-31 14:43:44,13350.7,110.602,2040.0,4203,758220,0,web-Google
/data1/wenqianz/web-Google.edges,24,3,./build/bin/degeneracy_cliques /data1/wenqianz/web-Google.edges 3 24,2025-08-31 14:44:02,13333.6,112.937,1847.0,3322,732120,0,web-Google
/data1/wenqianz/web-Google.edges,25,3,./build/bin/degeneracy_cliques /data1/wenqianz/web-Google.edges 3 25,2025-08-31 14:44:20,13368.5,111.964,1957.0,2648,722496,0,web-Google
/data1/wenqianz/web-Google.edges,26,3,./build/bin/degeneracy_cliques /data1/wenqianz/web-Google.edges 3 26,2025-08-31 14:44:38,13360.5,106.79,1608.0,2177,703312,0,web-Google
/data1/wenqianz/web-Google.edges,27,3,./build/bin/degeneracy_cliques /data1/wenqianz/web-Google.edges 3 27,2025-08-31 14:44:56,13404.1,110.03,1302.0,1866,690652,0,web-Google
/data1/wenqianz/web-Google.edges,28,3,./build/bin/degeneracy_cliques /data1/wenqianz/web-Google.edges 3 28,2025-08-31 14:45:14,13391.0,104.968,1323.0,1601,685268,0,web-Google
/data1/wenqianz/web-Google.edges,29,3,./build/bin/degeneracy_cliques /data1/wenqianz/web-Google.edges 3 29,2025-08-31 14:45:31,13314.2,103.415,1218.0,1360,682524,0,web-Google
/data1/wenqianz/web-Google.edges,30,3,./build/bin/degeneracy_cliques /data1/wenqianz/web-Google.edges 3 30,2025-08-31 14:45:48,13341.7,103.195,991.0,1177,686532,0,web-Google
/data1/wenqianz/soc-pokec-relationships.edges,3,1,./build/bin/degeneracy_cliques /data1/wenqianz/soc-pokec-relationships.edges 1 3,2025-08-31 14:46:05,31098.7,,34129.0,19779129,68171684,0,soc-pokec-relationships
/data1/wenqianz/soc-pokec-relationships.edges,4,1,./build/bin/degeneracy_cliques /data1/wenqianz/soc-pokec-relationships.edges 1 4,2025-08-31 14:47:40,31294.0,,26132.0,14728137,51668732,0,soc-pokec-relationships
/data1/wenqianz/soc-pokec-relationships.edges,5,1,./build/bin/degeneracy_cliques /data1/wenqianz/soc-pokec-relationships.edges 1 5,2025-08-31 14:49:03,30683.4,,17948.0,9703624,34744804,0,soc-pokec-relationships
/data1/wenqianz/soc-pokec-relationships.edges,6,1,./build/bin/degeneracy_cliques /data1/wenqianz/soc-pokec-relationships.edges 1 6,2025-08-31 14:50:15,29857.4,,11390.0,6024045,22193972,0,soc-pokec-relationships
/data1/wenqianz/soc-pokec-relationships.edges,7,1,./build/bin/degeneracy_cliques /data1/wenqianz/soc-pokec-relationships.edges 1 7,2025-08-31 14:51:15,29345.1,,7125.0,3640657,13954440,0,soc-pokec-relationships
/data1/wenqianz/soc-pokec-relationships.edges,8,1,./build/bin/degeneracy_cliques /data1/wenqianz/soc-pokec-relationships.edges 1 8,2025-08-31 14:52:09,29335.3,,4438.0,2188330,8890712,0,soc-pokec-relationships
/data1/wenqianz/soc-pokec-relationships.edges,9,1,./build/bin/degeneracy_cliques /data1/wenqianz/soc-pokec-relationships.edges 1 9,2025-08-31 14:52:59,29002.9,,2818.0,1324999,5852240,0,soc-pokec-relationships
/data1/wenqianz/soc-pokec-relationships.edges,10,1,./build/bin/degeneracy_cliques /data1/wenqianz/soc-pokec-relationships.edges 1 10,2025-08-31 14:53:46,28821.9,,1786.0,805740,4010644,0,soc-pokec-relationships
/data1/wenqianz/soc-pokec-relationships.edges,11,1,./build/bin/degeneracy_cliques /data1/wenqianz/soc-pokec-relationships.edges 1 11,2025-08-31 14:54:31,28641.7,,1154.0,483509,2866352,0,soc-pokec-relationships
/data1/wenqianz/soc-pokec-relationships.edges,12,1,./build/bin/degeneracy_cliques /data1/wenqianz/soc-pokec-relationships.edges 1 12,2025-08-31 14:55:14,28387.4,,741.0,280361,2134600,0,soc-pokec-relationships
/data1/wenqianz/soc-pokec-relationships.edges,13,1,./build/bin/degeneracy_cliques /data1/wenqianz/soc-pokec-relationships.edges 1 13,2025-08-31 14:55:57,28478.8,,489.0,154518,1679424,0,soc-pokec-relationships
/data1/wenqianz/soc-pokec-relationships.edges,14,1,./build/bin/degeneracy_cliques /data1/wenqianz/soc-pokec-relationships.edges 1 14,2025-08-31 14:56:40,28495.3,,342.0,82112,1414956,0,soc-pokec-relationships
/data1/wenqianz/soc-pokec-relationships.edges,15,1,./build/bin/degeneracy_cliques /data1/wenqianz/soc-pokec-relationships.edges 1 15,2025-08-31 14:57:23,28458.5,,252.0,42282,1266976,0,soc-pokec-relationships
/data1/wenqianz/soc-pokec-relationships.edges,16,1,./build/bin/degeneracy_cliques /data1/wenqianz/soc-pokec-relationships.edges 1 16,2025-08-31 14:58:05,28480.6,,212.0,21982,1197636,0,soc-pokec-relationships
/data1/wenqianz/soc-pokec-relationships.edges,17,1,./build/bin/degeneracy_cliques /data1/wenqianz/soc-pokec-relationships.edges 1 17,2025-08-31 14:58:47,28252.9,,202.0,12208,1191972,0,soc-pokec-relationships
/data1/wenqianz/soc-pokec-relationships.edges,18,1,./build/bin/degeneracy_cliques /data1/wenqianz/soc-pokec-relationships.edges 1 18,2025-08-31 14:59:29,28596.8,,201.0,6899,1188532,0,soc-pokec-relationships
/data1/wenqianz/soc-pokec-relationships.edges,19,1,./build/bin/degeneracy_cliques /data1/wenqianz/soc-pokec-relationships.edges 1 19,2025-08-31 15:00:12,28448.0,,189.0,3674,1186672,0,soc-pokec-relationships
/data1/wenqianz/soc-pokec-relationships.edges,20,1,./build/bin/degeneracy_cliques /data1/wenqianz/soc-pokec-relationships.edges 1 20,2025-08-31 15:00:54,28335.1,,186.0,1427,1185296,0,soc-pokec-relationships
/data1/wenqianz/soc-pokec-relationships.edges,21,1,./build/bin/degeneracy_cliques /data1/wenqianz/soc-pokec-relationships.edges 1 21,2025-08-31 15:01:36,28374.9,,185.0,551,1184624,0,soc-pokec-relationships
/data1/wenqianz/soc-pokec-relationships.edges,22,1,./build/bin/degeneracy_cliques /data1/wenqianz/soc-pokec-relationships.edges 1 22,2025-08-31 15:02:19,28387.9,,183.0,237,1184352,0,soc-pokec-relationships
/data1/wenqianz/soc-pokec-relationships.edges,23,1,./build/bin/degeneracy_cliques /data1/wenqianz/soc-pokec-relationships.edges 1 23,2025-08-31 15:03:01,28447.6,,186.0,153,1184052,0,soc-pokec-relationships
/data1/wenqianz/soc-pokec-relationships.edges,24,1,./build/bin/degeneracy_cliques /data1/wenqianz/soc-pokec-relationships.edges 1 24,2025-08-31 15:03:42,28943.3,,184.0,114,1184044,0,soc-pokec-relationships
/data1/wenqianz/soc-pokec-relationships.edges,25,1,./build/bin/degeneracy_cliques /data1/wenqianz/soc-pokec-relationships.edges 1 25,2025-08-31 15:04:25,28426.1,,187.0,74,1184060,0,soc-pokec-relationships
/data1/wenqianz/soc-pokec-relationships.edges,26,1,./build/bin/degeneracy_cliques /data1/wenqianz/soc-pokec-relationships.edges 1 26,2025-08-31 15:05:08,28631.1,,191.0,42,1184084,0,soc-pokec-relationships
/data1/wenqianz/soc-pokec-relationships.edges,27,1,./build/bin/degeneracy_cliques /data1/wenqianz/soc-pokec-relationships.edges 1 27,2025-08-31 15:05:50,28406.9,,184.0,22,1183920,0,soc-pokec-relationships
/data1/wenqianz/soc-pokec-relationships.edges,28,1,./build/bin/degeneracy_cliques /data1/wenqianz/soc-pokec-relationships.edges 1 28,2025-08-31 15:06:32,28379.1,,185.0,12,1183972,0,soc-pokec-relationships
/data1/wenqianz/soc-pokec-relationships.edges,29,1,./build/bin/degeneracy_cliques /data1/wenqianz/soc-pokec-relationships.edges 1 29,2025-08-31 15:07:14,28344.0,,185.0,6,1184044,0,soc-pokec-relationships
/data1/wenqianz/soc-pokec-relationships.edges,30,1,./build/bin/degeneracy_cliques /data1/wenqianz/soc-pokec-relationships.edges 1 30,2025-08-31 15:07:56,28429.8,,167.0,0,1183968,0,soc-pokec-relationships
/data1/wenqianz/soc-pokec-relationships.edges,4,2,./build/bin/degeneracy_cliques /data1/wenqianz/soc-pokec-relationships.edges 2 4,2025-08-31 15:08:38,31325.5,,119865.0,14728137,146442048,0,soc-pokec-relationships
/data1/wenqianz/soc-pokec-relationships.edges,5,2,./build/bin/degeneracy_cliques /data1/wenqianz/soc-pokec-relationships.edges 2 5,2025-08-31 15:11:45,30443.4,,89100.0,9703624,97811936,0,soc-pokec-relationships
/data1/wenqianz/soc-pokec-relationships.edges,6,2,./build/bin/degeneracy_cliques /data1/wenqianz/soc-pokec-relationships.edges 2 6,2025-08-31 15:14:13,30154.5,,61224.0,6024045,62039076,0,soc-pokec-relationships
/data1/wenqianz/soc-pokec-relationships.edges,7,2,./build/bin/degeneracy_cliques /data1/wenqianz/soc-pokec-relationships.edges 2 7,2025-08-31 15:16:07,29423.4,,39935.0,3640657,38705088,0,soc-pokec-relationships
/data1/wenqianz/soc-pokec-relationships.edges,8,2,./build/bin/degeneracy_cliques /data1/wenqianz/soc-pokec-relationships.edges 2 8,2025-08-31 15:17:36,29083.6,,26028.0,2188330,24403732,0,soc-pokec-relationships
/data1/wenqianz/soc-pokec-relationships.edges,9,2,./build/bin/degeneracy_cliques /data1/wenqianz/soc-pokec-relationships.edges 2 9,2025-08-31 15:18:49,28574.6,,17180.0,1324999,15846924,0,soc-pokec-relationships
/data1/wenqianz/soc-pokec-relationships.edges,10,2,./build/bin/degeneracy_cliques /data1/wenqianz/soc-pokec-relationships.edges 2 10,2025-08-31 15:19:50,28627.7,,11913.0,805740,10685896,0,soc-pokec-relationships
/data1/wenqianz/soc-pokec-relationships.edges,11,2,./build/bin/degeneracy_cliques /data1/wenqianz/soc-pokec-relationships.edges 2 11,2025-08-31 15:20:46,28232.5,,8449.0,483509,7470128,0,soc-pokec-relationships
/data1/wenqianz/soc-pokec-relationships.edges,12,2,./build/bin/degeneracy_cliques /data1/wenqianz/soc-pokec-relationships.edges 2 12,2025-08-31 15:21:37,28460.8,,6261.0,280361,5441216,0,soc-pokec-relationships
/data1/wenqianz/soc-pokec-relationships.edges,13,2,./build/bin/degeneracy_cliques /data1/wenqianz/soc-pokec-relationships.edges 2 13,2025-08-31 15:22:26,28392.8,,4875.0,154518,4186016,0,soc-pokec-relationships
/data1/wenqianz/soc-pokec-relationships.edges,14,2,./build/bin/degeneracy_cliques /data1/wenqianz/soc-pokec-relationships.edges 2 14,2025-08-31 15:23:13,28383.3,,4028.0,82112,3725232,0,soc-pokec-relationships
/data1/wenqianz/soc-pokec-relationships.edges,15,2,./build/bin/degeneracy_cliques /data1/wenqianz/soc-pokec-relationships.edges 2 15,2025-08-31 15:24:00,28342.9,,3616.0,42282,3702880,0,soc-pokec-relationships
/data1/wenqianz/soc-pokec-relationships.edges,16,2,./build/bin/degeneracy_cliques /data1/wenqianz/soc-pokec-relationships.edges 2 16,2025-08-31 15:24:46,28075.7,,3458.0,21982,3691248,0,soc-pokec-relationships
/data1/wenqianz/soc-pokec-relationships.edges,17,2,./build/bin/degeneracy_cliques /data1/wenqianz/soc-pokec-relationships.edges 2 17,2025-08-31 15:25:31,28197.3,,3283.0,12208,3685828,0,soc-pokec-relationships
/data1/wenqianz/soc-pokec-relationships.edges,18,2,./build/bin/degeneracy_cliques /data1/wenqianz/soc-pokec-relationships.edges 2 18,2025-08-31 15:26:17,28215.7,,3190.0,6899,3682272,0,soc-pokec-relationships
/data1/wenqianz/soc-pokec-relationships.edges,19,2,./build/bin/degeneracy_cliques /data1/wenqianz/soc-pokec-relationships.edges 2 19,2025-08-31 15:27:02,28257.0,,3193.0,3674,3680296,0,soc-pokec-relationships
/data1/wenqianz/soc-pokec-relationships.edges,20,2,./build/bin/degeneracy_cliques /data1/wenqianz/soc-pokec-relationships.edges 2 20,2025-08-31 15:27:47,28426.5,,3114.0,1427,3678576,0,soc-pokec-relationships
/data1/wenqianz/soc-pokec-relationships.edges,21,2,./build/bin/degeneracy_cliques /data1/wenqianz/soc-pokec-relationships.edges 2 21,2025-08-31 15:28:33,28268.4,,3096.0,551,3677864,0,soc-pokec-relationships
/data1/wenqianz/soc-pokec-relationships.edges,22,2,./build/bin/degeneracy_cliques /data1/wenqianz/soc-pokec-relationships.edges 2 22,2025-08-31 15:29:18,28450.8,,3100.0,237,3677668,0,soc-pokec-relationships
/data1/wenqianz/soc-pokec-relationships.edges,23,2,./build/bin/degeneracy_cliques /data1/wenqianz/soc-pokec-relationships.edges 2 23,2025-08-31 15:30:03,28393.8,,3046.0,153,3154824,0,soc-pokec-relationships
/data1/wenqianz/soc-pokec-relationships.edges,24,2,./build/bin/degeneracy_cliques /data1/wenqianz/soc-pokec-relationships.edges 2 24,2025-08-31 15:30:49,28390.1,,3153.0,114,3677416,0,soc-pokec-relationships
/data1/wenqianz/soc-pokec-relationships.edges,25,2,./build/bin/degeneracy_cliques /data1/wenqianz/soc-pokec-relationships.edges 2 25,2025-08-31 15:31:34,28227.8,,3056.0,74,3154740,0,soc-pokec-relationships
/data1/wenqianz/soc-pokec-relationships.edges,26,2,./build/bin/degeneracy_cliques /data1/wenqianz/soc-pokec-relationships.edges 2 26,2025-08-31 15:32:19,28209.7,,3078.0,42,3154672,0,soc-pokec-relationships
/data1/wenqianz/soc-pokec-relationships.edges,27,2,./build/bin/degeneracy_cliques /data1/wenqianz/soc-pokec-relationships.edges 2 27,2025-08-31 15:33:04,28317.8,,3083.0,22,3154696,0,soc-pokec-relationships
/data1/wenqianz/soc-pokec-relationships.edges,28,2,./build/bin/degeneracy_cliques /data1/wenqianz/soc-pokec-relationships.edges 2 28,2025-08-31 15:33:49,28134.3,,3075.0,12,3154724,0,soc-pokec-relationships
/data1/wenqianz/soc-pokec-relationships.edges,29,2,./build/bin/degeneracy_cliques /data1/wenqianz/soc-pokec-relationships.edges 2 29,2025-08-31 15:34:34,28251.5,,3120.0,6,3154728,0,soc-pokec-relationships
/data1/wenqianz/soc-pokec-relationships.edges,30,2,./build/bin/degeneracy_cliques /data1/wenqianz/soc-pokec-relationships.edges 2 30,2025-08-31 15:35:19,28388.7,,2948.0,0,3154772,0,soc-pokec-relationships
/data1/wenqianz/soc-pokec-relationships.edges,4,3,./build/bin/degeneracy_cliques /data1/wenqianz/soc-pokec-relationships.edges 3 4,2025-08-31 15:36:04,30822.5,5700.8,202292.0,14728137,22726272,0,soc-pokec-relationships
/data1/wenqianz/soc-pokec-relationships.edges,5,3,./build/bin/degeneracy_cliques /data1/wenqianz/soc-pokec-relationships.edges 3 5,2025-08-31 15:40:19,30230.6,4237.65,209729.0,9703624,69290576,0,soc-pokec-relationships
/data1/wenqianz/soc-pokec-relationships.edges,6,3,./build/bin/degeneracy_cliques /data1/wenqianz/soc-pokec-relationships.edges 3 6,2025-08-31 15:44:40,30014.5,2926.54,202430.0,6024045,129865028,0,soc-pokec-relationships
/data1/wenqianz/soc-pokec-relationships.edges,7,3,./build/bin/degeneracy_cliques /data1/wenqianz/soc-pokec-relationships.edges 3 7,2025-08-31 15:48:53,29368.2,2035.02,169301.0,3640657,138265820,0,soc-pokec-relationships
/data1/wenqianz/soc-pokec-relationships.edges,8,3,./build/bin/degeneracy_cliques /data1/wenqianz/soc-pokec-relationships.edges 3 8,2025-08-31 15:52:31,28725.2,1399.3,119793.0,2188330,96131556,0,soc-pokec-relationships
/data1/wenqianz/soc-pokec-relationships.edges,9,3,./build/bin/degeneracy_cliques /data1/wenqianz/soc-pokec-relationships.edges 3 9,2025-08-31 15:55:18,28479.0,1050.26,80707.0,1324999,58780564,0,soc-pokec-relationships
/data1/wenqianz/soc-pokec-relationships.edges,10,3,./build/bin/degeneracy_cliques /data1/wenqianz/soc-pokec-relationships.edges 3 10,2025-08-31 15:57:23,28705.9,823.977,51931.0,805740,33292324,0,soc-pokec-relationships
/data1/wenqianz/soc-pokec-relationships.edges,11,3,./build/bin/degeneracy_cliques /data1/wenqianz/soc-pokec-relationships.edges 3 11,2025-08-31 15:58:59,28586.6,688.47,31822.0,483509,17944880,0,soc-pokec-relationships
/data1/wenqianz/soc-pokec-relationships.edges,12,3,./build/bin/degeneracy_cliques /data1/wenqianz/soc-pokec-relationships.edges 3 12,2025-08-31 16:00:14,28392.8,609.982,19958.0,280361,9869968,0,soc-pokec-relationships
/data1/wenqianz/soc-pokec-relationships.edges,13,3,./build/bin/degeneracy_cliques /data1/wenqianz/soc-pokec-relationships.edges 3 13,2025-08-31 16:01:16,28580.2,560.892,11588.0,154518,5661936,0,soc-pokec-relationships
/data1/wenqianz/soc-pokec-relationships.edges,14,3,./build/bin/degeneracy_cliques /data1/wenqianz/soc-pokec-relationships.edges 3 14,2025-08-31 16:02:11,28487.4,534.875,6845.0,82112,3780268,0,soc-pokec-relationships
/data1/wenqianz/soc-pokec-relationships.edges,15,3,./build/bin/degeneracy_cliques /data1/wenqianz/soc-pokec-relationships.edges 3 15,2025-08-31 16:03:00,28417.7,519.208,4210.0,42282,3015260,0,soc-pokec-relationships
/data1/wenqianz/soc-pokec-relationships.edges,16,3,./build/bin/degeneracy_cliques /data1/wenqianz/soc-pokec-relationships.edges 3 16,2025-08-31 16:03:46,28180.2,498.272,2709.0,21982,2630572,0,soc-pokec-relationships
/data1/wenqianz/soc-pokec-relationships.edges,17,3,./build/bin/degeneracy_cliques /data1/wenqianz/soc-pokec-relationships.edges 3 17,2025-08-31 16:04:31,28400.6,504.6,1865.0,12208,2450292,0,soc-pokec-relationships
/data1/wenqianz/soc-pokec-relationships.edges,18,3,./build/bin/degeneracy_cliques /data1/wenqianz/soc-pokec-relationships.edges 3 18,2025-08-31 16:05:15,28011.2,490.365,1301.0,6899,2446980,0,soc-pokec-relationships
/data1/wenqianz/soc-pokec-relationships.edges,19,3,./build/bin/degeneracy_cliques /data1/wenqianz/soc-pokec-relationships.edges 3 19,2025-08-31 16:05:58,28459.3,498.387,947.0,3674,2445164,0,soc-pokec-relationships
/data1/wenqianz/soc-pokec-relationships.edges,20,3,./build/bin/degeneracy_cliques /data1/wenqianz/soc-pokec-relationships.edges 3 20,2025-08-31 16:06:41,27966.6,487.144,705.0,1427,2443460,0,soc-pokec-relationships
/data1/wenqianz/soc-pokec-relationships.edges,21,3,./build/bin/degeneracy_cliques /data1/wenqianz/soc-pokec-relationships.edges 3 21,2025-08-31 16:07:23,28268.0,489.602,607.0,551,2442880,0,soc-pokec-relationships
/data1/wenqianz/soc-pokec-relationships.edges,22,3,./build/bin/degeneracy_cliques /data1/wenqianz/soc-pokec-relationships.edges 3 22,2025-08-31 16:08:06,28404.4,499.379,570.0,237,2442536,0,soc-pokec-relationships
/data1/wenqianz/soc-pokec-relationships.edges,23,3,./build/bin/degeneracy_cliques /data1/wenqianz/soc-pokec-relationships.edges 3 23,2025-08-31 16:08:48,28210.5,486.328,535.0,153,2442584,0,soc-pokec-relationships
/data1/wenqianz/soc-pokec-relationships.edges,24,3,./build/bin/degeneracy_cliques /data1/wenqianz/soc-pokec-relationships.edges 3 24,2025-08-31 16:09:30,28318.2,489.697,526.0,114,2442504,0,soc-pokec-relationships
/data1/wenqianz/soc-pokec-relationships.edges,25,3,./build/bin/degeneracy_cliques /data1/wenqianz/soc-pokec-relationships.edges 3 25,2025-08-31 16:10:13,28085.2,486.821,512.0,74,2442288,0,soc-pokec-relationships
/data1/wenqianz/soc-pokec-relationships.edges,26,3,./build/bin/degeneracy_cliques /data1/wenqianz/soc-pokec-relationships.edges 3 26,2025-08-31 16:10:55,28359.8,498.878,517.0,42,2442220,0,soc-pokec-relationships
/data1/wenqianz/soc-pokec-relationships.edges,27,3,./build/bin/degeneracy_cliques /data1/wenqianz/soc-pokec-relationships.edges 3 27,2025-08-31 16:11:38,28597.4,497.244,508.0,22,2442252,0,soc-pokec-relationships
/data1/wenqianz/soc-pokec-relationships.edges,28,3,./build/bin/degeneracy_cliques /data1/wenqianz/soc-pokec-relationships.edges 3 28,2025-08-31 16:12:21,28259.4,489.382,495.0,12,2442268,0,soc-pokec-relationships
/data1/wenqianz/soc-pokec-relationships.edges,29,3,./build/bin/degeneracy_cliques /data1/wenqianz/soc-pokec-relationships.edges 3 29,2025-08-31 16:13:03,28379.6,497.54,499.0,6,2442264,0,soc-pokec-relationships
/data1/wenqianz/soc-pokec-relationships.edges,30,3,./build/bin/degeneracy_cliques /data1/wenqianz/soc-pokec-relationships.edges 3 30,2025-08-31 16:13:46,28302.4,570.167,570.0,0,2442260,0,soc-pokec-relationships
/data1/wenqianz/web-Stanford.edges,3,1,./build/bin/degeneracy_cliques /data1/wenqianz/web-Stanford.edges 1 3,2025-08-31 16:14:28,98410.1,,5543.0,3908043,13651420,0,web-Stanford
/data1/wenqianz/web-Stanford.edges,4,1,./build/bin/degeneracy_cliques /data1/wenqianz/web-Stanford.edges 1 4,2025-08-31 16:16:16,98938.9,,7458.0,4772050,17068116,0,web-Stanford
/data1/wenqianz/web-Stanford.edges,5,1,./build/bin/degeneracy_cliques /data1/wenqianz/web-Stanford.edges 1 5,2025-08-31 16:18:07,98741.8,,7731.0,4453538,16318724,0,web-Stanford
/data1/wenqianz/web-Stanford.edges,6,1,./build/bin/degeneracy_cliques /data1/wenqianz/web-Stanford.edges 1 6,2025-08-31 16:19:59,99481.5,,6900.0,3833810,14248544,0,web-Stanford
/data1/wenqianz/web-Stanford.edges,7,1,./build/bin/degeneracy_cliques /data1/wenqianz/web-Stanford.edges 1 7,2025-08-31 16:21:51,98465.3,,5895.0,3163632,11943080,0,web-Stanford
/data1/wenqianz/web-Stanford.edges,8,1,./build/bin/degeneracy_cliques /data1/wenqianz/web-Stanford.edges 1 8,2025-08-31 16:23:40,97827.5,,5025.0,2572948,9904904,0,web-Stanford
/data1/wenqianz/web-Stanford.edges,9,1,./build/bin/degeneracy_cliques /data1/wenqianz/web-Stanford.edges 1 9,2025-08-31 16:25:26,98189.4,,4597.0,2346506,9116488,0,web-Stanford
/data1/wenqianz/web-Stanford.edges,10,1,./build/bin/degeneracy_cliques /data1/wenqianz/web-Stanford.edges 1 10,2025-08-31 16:27:13,99290.8,,4342.0,2138129,8381496,0,web-Stanford
/data1/wenqianz/web-Stanford.edges,11,1,./build/bin/degeneracy_cliques /data1/wenqianz/web-Stanford.edges 1 11,2025-08-31 16:29:01,98166.2,,3967.0,1937507,7671896,0,web-Stanford
/data1/wenqianz/web-Stanford.edges,12,1,./build/bin/degeneracy_cliques /data1/wenqianz/web-Stanford.edges 1 12,2025-08-31 16:30:47,99200.3,,3623.0,1749597,7002424,0,web-Stanford
/data1/wenqianz/web-Stanford.edges,13,1,./build/bin/degeneracy_cliques /data1/wenqianz/web-Stanford.edges 1 13,2025-08-31 16:32:33,98661.0,,3338.0,1570705,6346824,0,web-Stanford
/data1/wenqianz/web-Stanford.edges,14,1,./build/bin/degeneracy_cliques /data1/wenqianz/web-Stanford.edges 1 14,2025-08-31 16:34:18,98473.3,,3066.0,1401864,5743096,0,web-Stanford
/data1/wenqianz/web-Stanford.edges,15,1,./build/bin/degeneracy_cliques /data1/wenqianz/web-Stanford.edges 1 15,2025-08-31 16:36:03,98484.2,,2760.0,1232631,5124452,0,web-Stanford
/data1/wenqianz/web-Stanford.edges,16,1,./build/bin/degeneracy_cliques /data1/wenqianz/web-Stanford.edges 1 16,2025-08-31 16:37:47,99229.2,,2444.0,1080418,4555740,0,web-Stanford
/data1/wenqianz/web-Stanford.edges,17,1,./build/bin/degeneracy_cliques /data1/wenqianz/web-Stanford.edges 1 17,2025-08-31 16:39:32,98482.3,,2238.0,956173,4083064,0,web-Stanford
/data1/wenqianz/web-Stanford.edges,18,1,./build/bin/degeneracy_cliques /data1/wenqianz/web-Stanford.edges 1 18,2025-08-31 16:41:15,99053.9,,2083.0,881134,3794428,0,web-Stanford
/data1/wenqianz/web-Stanford.edges,19,1,./build/bin/degeneracy_cliques /data1/wenqianz/web-Stanford.edges 1 19,2025-08-31 16:42:59,98994.3,,1938.0,812514,3538236,0,web-Stanford
/data1/wenqianz/web-Stanford.edges,20,1,./build/bin/degeneracy_cliques /data1/wenqianz/web-Stanford.edges 1 20,2025-08-31 16:44:43,99217.2,,1810.0,748564,3293724,0,web-Stanford
/data1/wenqianz/web-Stanford.edges,21,1,./build/bin/degeneracy_cliques /data1/wenqianz/web-Stanford.edges 1 21,2025-08-31 16:46:26,98670.6,,1690.0,689210,3064168,0,web-Stanford
/data1/wenqianz/web-Stanford.edges,22,1,./build/bin/degeneracy_cliques /data1/wenqianz/web-Stanford.edges 1 22,2025-08-31 16:48:09,98724.9,,1562.0,636356,2853220,0,web-Stanford
/data1/wenqianz/web-Stanford.edges,23,1,./build/bin/degeneracy_cliques /data1/wenqianz/web-Stanford.edges 1 23,2025-08-31 16:49:52,98090.9,,1457.0,587937,2649764,0,web-Stanford
/data1/wenqianz/web-Stanford.edges,24,1,./build/bin/degeneracy_cliques /data1/wenqianz/web-Stanford.edges 1 24,2025-08-31 16:51:34,99093.5,,1348.0,542894,2457044,0,web-Stanford
/data1/wenqianz/web-Stanford.edges,25,1,./build/bin/degeneracy_cliques /data1/wenqianz/web-Stanford.edges 1 25,2025-08-31 16:53:16,98054.5,,1265.0,501059,2290772,0,web-Stanford
/data1/wenqianz/web-Stanford.edges,26,1,./build/bin/degeneracy_cliques /data1/wenqianz/web-Stanford.edges 1 26,2025-08-31 16:54:57,99594.0,,1170.0,462148,2142068,0,web-Stanford
/data1/wenqianz/web-Stanford.edges,27,1,./build/bin/degeneracy_cliques /data1/wenqianz/web-Stanford.edges 1 27,2025-08-31 16:56:40,99054.6,,1079.0,425520,1999516,0,web-Stanford
/data1/wenqianz/web-Stanford.edges,28,1,./build/bin/degeneracy_cliques /data1/wenqianz/web-Stanford.edges 1 28,2025-08-31 16:58:23,98906.6,,999.0,390652,1860368,0,web-Stanford
/data1/wenqianz/web-Stanford.edges,29,1,./build/bin/degeneracy_cliques /data1/wenqianz/web-Stanford.edges 1 29,2025-08-31 17:00:04,98404.8,,940.0,358708,1731228,0,web-Stanford
/data1/wenqianz/web-Stanford.edges,30,1,./build/bin/degeneracy_cliques /data1/wenqianz/web-Stanford.edges 1 30,2025-08-31 17:01:46,99121.9,,853.0,330284,1614488,0,web-Stanford
/data1/wenqianz/web-Stanford.edges,4,2,./build/bin/degeneracy_cliques /data1/wenqianz/web-Stanford.edges 2 4,2025-08-31 17:03:28,99323.9,,33319.0,4772050,47399388,0,web-Stanford
/data1/wenqianz/web-Stanford.edges,5,2,./build/bin/degeneracy_cliques /data1/wenqianz/web-Stanford.edges 2 5,2025-08-31 17:05:47,99654.1,,42157.0,4453538,44635384,0,web-Stanford
/data1/wenqianz/web-Stanford.edges,6,2,./build/bin/degeneracy_cliques /data1/wenqianz/web-Stanford.edges 2 6,2025-08-31 17:08:16,98252.5,,43926.0,3833810,38643864,0,web-Stanford
/data1/wenqianz/web-Stanford.edges,7,2,./build/bin/degeneracy_cliques /data1/wenqianz/web-Stanford.edges 2 7,2025-08-31 17:10:45,100202.0,,41864.0,3163632,32098012,0,web-Stanford
/data1/wenqianz/web-Stanford.edges,8,2,./build/bin/degeneracy_cliques /data1/wenqianz/web-Stanford.edges 2 8,2025-08-31 17:13:13,98639.5,,38622.0,2572948,26322040,0,web-Stanford
/data1/wenqianz/web-Stanford.edges,9,2,./build/bin/degeneracy_cliques /data1/wenqianz/web-Stanford.edges 2 9,2025-08-31 17:15:35,99782.3,,37524.0,2346506,24100588,0,web-Stanford
/data1/wenqianz/web-Stanford.edges,10,2,./build/bin/degeneracy_cliques /data1/wenqianz/web-Stanford.edges 2 10,2025-08-31 17:17:57,98401.3,,35805.0,2138129,22047984,0,web-Stanford
/data1/wenqianz/web-Stanford.edges,11,2,./build/bin/degeneracy_cliques /data1/wenqianz/web-Stanford.edges 2 11,2025-08-31 17:20:16,99233.4,,33729.0,1937507,20067544,0,web-Stanford
/data1/wenqianz/web-Stanford.edges,12,2,./build/bin/degeneracy_cliques /data1/wenqianz/web-Stanford.edges 2 12,2025-08-31 17:22:34,98089.6,,33248.0,1749597,18209888,0,web-Stanford
/data1/wenqianz/web-Stanford.edges,13,2,./build/bin/degeneracy_cliques /data1/wenqianz/web-Stanford.edges 2 13,2025-08-31 17:24:49,97615.4,,31768.0,1570705,16422304,0,web-Stanford
/data1/wenqianz/web-Stanford.edges,14,2,./build/bin/degeneracy_cliques /data1/wenqianz/web-Stanford.edges 2 14,2025-08-31 17:27:03,97653.9,,30394.0,1401864,14750272,0,web-Stanford
/data1/wenqianz/web-Stanford.edges,15,2,./build/bin/degeneracy_cliques /data1/wenqianz/web-Stanford.edges 2 15,2025-08-31 17:29:15,97983.6,,28989.0,1232631,13060976,0,web-Stanford
/data1/wenqianz/web-Stanford.edges,16,2,./build/bin/degeneracy_cliques /data1/wenqianz/web-Stanford.edges 2 16,2025-08-31 17:31:25,98991.1,,27510.0,1080418,11529508,0,web-Stanford
/data1/wenqianz/web-Stanford.edges,17,2,./build/bin/degeneracy_cliques /data1/wenqianz/web-Stanford.edges 2 17,2025-08-31 17:33:35,99547.5,,26082.0,956173,10270516,0,web-Stanford
/data1/wenqianz/web-Stanford.edges,18,2,./build/bin/degeneracy_cliques /data1/wenqianz/web-Stanford.edges 2 18,2025-08-31 17:35:44,98103.3,,25243.0,881134,9506776,0,web-Stanford
/data1/wenqianz/web-Stanford.edges,19,2,./build/bin/degeneracy_cliques /data1/wenqianz/web-Stanford.edges 2 19,2025-08-31 17:37:50,98738.9,,24317.0,812514,8816352,0,web-Stanford
/data1/wenqianz/web-Stanford.edges,20,2,./build/bin/degeneracy_cliques /data1/wenqianz/web-Stanford.edges 2 20,2025-08-31 17:39:56,98408.8,,23382.0,748564,8167184,0,web-Stanford
/data1/wenqianz/web-Stanford.edges,21,2,./build/bin/degeneracy_cliques /data1/wenqianz/web-Stanford.edges 2 21,2025-08-31 17:42:01,98832.3,,22612.0,689210,7561148,0,web-Stanford
/data1/wenqianz/web-Stanford.edges,22,2,./build/bin/degeneracy_cliques /data1/wenqianz/web-Stanford.edges 2 22,2025-08-31 17:44:05,98565.4,,21857.0,636356,7027532,0,web-Stanford
/data1/wenqianz/web-Stanford.edges,23,2,./build/bin/degeneracy_cliques /data1/wenqianz/web-Stanford.edges 2 23,2025-08-31 17:46:09,100052.0,,20914.0,587937,6513800,0,web-Stanford
/data1/wenqianz/web-Stanford.edges,24,2,./build/bin/degeneracy_cliques /data1/wenqianz/web-Stanford.edges 2 24,2025-08-31 17:48:12,98287.0,,19730.0,542894,6033996,0,web-Stanford
/data1/wenqianz/web-Stanford.edges,25,2,./build/bin/degeneracy_cliques /data1/wenqianz/web-Stanford.edges 2 25,2025-08-31 17:50:13,98639.6,,18866.0,501059,5600916,0,web-Stanford
/data1/wenqianz/web-Stanford.edges,26,2,./build/bin/degeneracy_cliques /data1/wenqianz/web-Stanford.edges 2 26,2025-08-31 17:52:13,98857.2,,17783.0,462148,5212340,0,web-Stanford
/data1/wenqianz/web-Stanford.edges,27,2,./build/bin/degeneracy_cliques /data1/wenqianz/web-Stanford.edges 2 27,2025-08-31 17:54:12,98337.8,,16950.0,425520,4825396,0,web-Stanford
/data1/wenqianz/web-Stanford.edges,28,2,./build/bin/degeneracy_cliques /data1/wenqianz/web-Stanford.edges 2 28,2025-08-31 17:56:09,98760.3,,16306.0,390652,4465116,0,web-Stanford
/data1/wenqianz/web-Stanford.edges,29,2,./build/bin/degeneracy_cliques /data1/wenqianz/web-Stanford.edges 2 29,2025-08-31 17:58:07,98476.7,,15278.0,358708,4139580,0,web-Stanford
/data1/wenqianz/web-Stanford.edges,30,2,./build/bin/degeneracy_cliques /data1/wenqianz/web-Stanford.edges 2 30,2025-08-31 18:00:03,98265.3,,14371.0,330284,3840196,0,web-Stanford
/data1/wenqianz/web-Stanford.edges,4,3,./build/bin/degeneracy_cliques /data1/wenqianz/web-Stanford.edges 3 4,2025-08-31 18:01:57,99025.6,1410.71,363288.0,4772050,14116260,0,web-Stanford
/data1/wenqianz/web-Stanford.edges,5,3,./build/bin/degeneracy_cliques /data1/wenqianz/web-Stanford.edges 3 5,2025-08-31 18:09:44,98269.5,1353.97,790075.0,4453538,32935052,0,web-Stanford
/data1/wenqianz/web-Stanford.edges,6,3,./build/bin/degeneracy_cliques /data1/wenqianz/web-Stanford.edges 3 6,2025-08-31 18:24:37,98992.6,1237.47,1239633.0,3833810,33307320,0,web-Stanford
/data1/wenqianz/web-Stanford.edges,7,3,./build/bin/degeneracy_cliques /data1/wenqianz/web-Stanford.edges 3 7,2025-08-31 18:47:01,98348.5,1109.15,1630834.0,3163632,31578696,0,web-Stanford
/data1/wenqianz/web-Stanford.edges,8,3,./build/bin/degeneracy_cliques /data1/wenqianz/web-Stanford.edges 3 8,2025-08-31 19:15:55,97437.2,993.578,1614586.0,2572948,27649196,0,web-Stanford
/data1/wenqianz/web-Stanford.edges,9,3,./build/bin/degeneracy_cliques /data1/wenqianz/web-Stanford.edges 3 9,2025-08-31 19:44:31,97918.2,932.677,2125598.0,2346506,29829232,0,web-Stanford
/data1/wenqianz/web-Stanford.edges,10,3,./build/bin/degeneracy_cliques /data1/wenqianz/web-Stanford.edges 3 10,2025-08-31 20:21:40,97215.0,870.504,2439926.0,2138129,31834368,0,web-Stanford
/data1/wenqianz/web-Stanford.edges,11,3,./build/bin/degeneracy_cliques /data1/wenqianz/web-Stanford.edges 3 11,2025-08-31 21:04:01,98645.4,830.352,3062453.0,1937507,37371916,0,web-Stanford
/data1/wenqianz/web-Stanford.edges,12,3,./build/bin/degeneracy_cliques /data1/wenqianz/web-Stanford.edges 3 12,2025-08-31 21:56:47,97992.7,764.29,3685182.0,1749597,54909760,0,web-Stanford
/data1/wenqianz/web-Stanford.edges,13,3,./build/bin/degeneracy_cliques /data1/wenqianz/web-Stanford.edges 3 13,2025-08-31 22:59:55,98074.7,691.223,1984733.0,1570705,26477344,0,web-Stanford
/data1/wenqianz/web-Stanford.edges,14,3,./build/bin/degeneracy_cliques /data1/wenqianz/web-Stanford.edges 3 14,2025-08-31 23:34:42,97989.3,645.26,2010356.0,1401864,28197724,0,web-Stanford
/data1/wenqianz/web-Stanford.edges,15,3,./build/bin/degeneracy_cliques /data1/wenqianz/web-Stanford.edges 3 15,2025-09-01 00:09:54,99080.0,596.254,3411805.0,1232631,59187152,0,web-Stanford
/data1/wenqianz/web-Stanford.edges,16,3,./build/bin/degeneracy_cliques /data1/wenqianz/web-Stanford.edges 3 16,2025-09-01 01:08:29,97896.3,526.955,2084983.0,1080418,24638612,0,web-Stanford
/data1/wenqianz/web-Stanford.edges,17,3,./build/bin/degeneracy_cliques /data1/wenqianz/web-Stanford.edges 3 17,2025-09-01 01:44:56,99467.1,467.978,1522720.0,956173,16093772,0,web-Stanford
/data1/wenqianz/web-Stanford.edges,18,3,./build/bin/degeneracy_cliques /data1/wenqianz/web-Stanford.edges 3 18,2025-09-01 02:12:01,98678.9,445.789,1540352.0,881134,15186404,0,web-Stanford
/data1/wenqianz/web-Stanford.edges,19,3,./build/bin/degeneracy_cliques /data1/wenqianz/web-Stanford.edges 3 19,2025-09-01 02:39:23,98988.0,411.586,1411731.0,812514,15552224,0,web-Stanford
/data1/wenqianz/web-Stanford.edges,20,3,./build/bin/degeneracy_cliques /data1/wenqianz/web-Stanford.edges 3 20,2025-09-01 03:04:37,98859.3,381.631,1900135.0,748564,16081668,0,web-Stanford
/data1/wenqianz/web-Stanford.edges,21,3,./build/bin/degeneracy_cliques /data1/wenqianz/web-Stanford.edges 3 21,2025-09-01 03:37:59,97990.2,360.173,1940138.0,689210,25061884,0,web-Stanford
/data1/wenqianz/web-Stanford.edges,22,3,./build/bin/degeneracy_cliques /data1/wenqianz/web-Stanford.edges 3 22,2025-09-01 04:12:00,97321.8,336.764,2632447.0,636356,23393964,0,web-Stanford
/data1/wenqianz/web-Stanford.edges,23,3,./build/bin/degeneracy_cliques /data1/wenqianz/web-Stanford.edges 3 23,2025-09-01 04:57:33,96829.8,307.192,1534025.0,587937,11570336,0,web-Stanford
/data1/wenqianz/web-Stanford.edges,24,3,./build/bin/degeneracy_cliques /data1/wenqianz/web-Stanford.edges 3 24,2025-09-01 05:24:46,97081.1,292.596,1278489.0,542894,9171708,0,web-Stanford
/data1/wenqianz/web-Stanford.edges,25,3,./build/bin/degeneracy_cliques /data1/wenqianz/web-Stanford.edges 3 25,2025-09-01 05:47:44,96801.6,284.872,1197120.0,501059,9018256,0,web-Stanford
/data1/wenqianz/web-Stanford.edges,26,3,./build/bin/degeneracy_cliques /data1/wenqianz/web-Stanford.edges 3 26,2025-09-01 06:09:20,97112.9,258.436,,462148,486434300,0,web-Stanford
/data1/wenqianz/web-Stanford.edges,27,3,./build/bin/degeneracy_cliques /data1/wenqianz/web-Stanford.edges 3 27,2025-09-01 09:52:09,96819.5,244.115,1213106.0,425520,7977584,0,web-Stanford
/data1/wenqianz/web-Stanford.edges,28,3,./build/bin/degeneracy_cliques /data1/wenqianz/web-Stanford.edges 3 28,2025-09-01 10:14:02,98510.7,228.8,1739872.0,390652,35934916,0,web-Stanford
/data1/wenqianz/web-Stanford.edges,29,3,./build/bin/degeneracy_cliques /data1/wenqianz/web-Stanford.edges 3 29,2025-09-01 10:44:44,98050.6,225.523,,358708,443987488,0,web-Stanford
/data1/wenqianz/web-Stanford.edges,30,3,./build/bin/degeneracy_cliques /data1/wenqianz/web-Stanford.edges 3 30,2025-09-01 15:07:15,97818.0,216.263,2817050.0,330284,88281640,0,web-Stanford
/data1/wenqianz/com-youtube.edges,3,1,./build/bin/degeneracy_cliques /data1/wenqianz/com-youtube.edges 1 3,2025-09-01 15:55:57,23330.8,,3782.0,2362215,8436604,0,com-youtube
/data1/wenqianz/com-youtube.edges,4,1,./build/bin/degeneracy_cliques /data1/wenqianz/com-youtube.edges 1 4,2025-09-01 15:56:28,23268.8,,4617.0,2555040,9184968,0,com-youtube
/data1/wenqianz/com-youtube.edges,5,1,./build/bin/degeneracy_cliques /data1/wenqianz/com-youtube.edges 1 5,2025-09-01 15:57:00,22971.5,,5022.0,2248530,8218172,0,com-youtube
/data1/wenqianz/com-youtube.edges,6,1,./build/bin/degeneracy_cliques /data1/wenqianz/com-youtube.edges 1 6,2025-09-01 15:57:32,22955.9,,2707.0,1640724,6171940,0,com-youtube
/data1/wenqianz/com-youtube.edges,7,1,./build/bin/degeneracy_cliques /data1/wenqianz/com-youtube.edges 1 7,2025-09-01 15:58:01,23546.5,,1934.0,1051537,4157108,0,com-youtube
/data1/wenqianz/com-youtube.edges,8,1,./build/bin/degeneracy_cliques /data1/wenqianz/com-youtube.edges 1 8,2025-09-01 15:58:30,22515.9,,1171.0,606659,2623064,0,com-youtube
/data1/wenqianz/com-youtube.edges,9,1,./build/bin/degeneracy_cliques /data1/wenqianz/com-youtube.edges 1 9,2025-09-01 15:58:56,21992.2,,666.0,316242,1609124,0,com-youtube
/data1/wenqianz/com-youtube.edges,10,1,./build/bin/degeneracy_cliques /data1/wenqianz/com-youtube.edges 1 10,2025-09-01 15:59:21,23296.7,,367.0,147090,1012936,0,com-youtube
/data1/wenqianz/com-youtube.edges,11,1,./build/bin/degeneracy_cliques /data1/wenqianz/com-youtube.edges 1 11,2025-09-01 15:59:47,22186.6,,232.0,60952,707328,0,com-youtube
/data1/wenqianz/com-youtube.edges,12,1,./build/bin/degeneracy_cliques /data1/wenqianz/com-youtube.edges 1 12,2025-09-01 16:00:12,22080.2,,159.0,22045,567888,0,com-youtube
/data1/wenqianz/com-youtube.edges,13,1,./build/bin/degeneracy_cliques /data1/wenqianz/com-youtube.edges 1 13,2025-09-01 16:00:36,22548.6,,140.0,6911,548452,0,com-youtube
/data1/wenqianz/com-youtube.edges,14,1,./build/bin/degeneracy_cliques /data1/wenqianz/com-youtube.edges 1 14,2025-09-01 16:01:01,22077.9,,130.0,1703,545960,0,com-youtube
/data1/wenqianz/com-youtube.edges,15,1,./build/bin/degeneracy_cliques /data1/wenqianz/com-youtube.edges 1 15,2025-09-01 16:01:25,22007.2,,127.0,303,545140,0,com-youtube
/data1/wenqianz/com-youtube.edges,16,1,./build/bin/degeneracy_cliques /data1/wenqianz/com-youtube.edges 1 16,2025-09-01 16:01:50,23006.1,,129.0,50,545108,0,com-youtube
/data1/wenqianz/com-youtube.edges,17,1,./build/bin/degeneracy_cliques /data1/wenqianz/com-youtube.edges 1 17,2025-09-01 16:02:15,22036.5,,133.0,2,545092,0,com-youtube
/data1/wenqianz/com-youtube.edges,18,1,./build/bin/degeneracy_cliques /data1/wenqianz/com-youtube.edges 1 18,2025-09-01 16:02:39,22244.6,,117.0,0,545028,0,com-youtube
/data1/wenqianz/com-youtube.edges,19,1,./build/bin/degeneracy_cliques /data1/wenqianz/com-youtube.edges 1 19,2025-09-01 16:03:03,22346.1,,122.0,0,545084,0,com-youtube
/data1/wenqianz/com-youtube.edges,20,1,./build/bin/degeneracy_cliques /data1/wenqianz/com-youtube.edges 1 20,2025-09-01 16:03:28,22576.7,,119.0,0,545092,0,com-youtube
/data1/wenqianz/com-youtube.edges,21,1,./build/bin/degeneracy_cliques /data1/wenqianz/com-youtube.edges 1 21,2025-09-01 16:03:53,22710.4,,118.0,0,545020,0,com-youtube
/data1/wenqianz/com-youtube.edges,22,1,./build/bin/degeneracy_cliques /data1/wenqianz/com-youtube.edges 1 22,2025-09-01 16:04:18,22111.7,,121.0,0,545096,0,com-youtube
/data1/wenqianz/com-youtube.edges,23,1,./build/bin/degeneracy_cliques /data1/wenqianz/com-youtube.edges 1 23,2025-09-01 16:04:42,22599.4,,126.0,0,544916,0,com-youtube
/data1/wenqianz/com-youtube.edges,24,1,./build/bin/degeneracy_cliques /data1/wenqianz/com-youtube.edges 1 24,2025-09-01 16:05:07,21840.8,,118.0,0,545144,0,com-youtube
/data1/wenqianz/com-youtube.edges,25,1,./build/bin/degeneracy_cliques /data1/wenqianz/com-youtube.edges 1 25,2025-09-01 16:05:31,22112.0,,121.0,0,545160,0,com-youtube
/data1/wenqianz/com-youtube.edges,26,1,./build/bin/degeneracy_cliques /data1/wenqianz/com-youtube.edges 1 26,2025-09-01 16:05:56,22088.9,,120.0,0,545140,0,com-youtube
/data1/wenqianz/com-youtube.edges,27,1,./build/bin/degeneracy_cliques /data1/wenqianz/com-youtube.edges 1 27,2025-09-01 16:06:20,21848.3,,118.0,0,545108,0,com-youtube
/data1/wenqianz/com-youtube.edges,28,1,./build/bin/degeneracy_cliques /data1/wenqianz/com-youtube.edges 1 28,2025-09-01 16:06:44,22035.2,,117.0,0,545096,0,com-youtube
/data1/wenqianz/com-youtube.edges,29,1,./build/bin/degeneracy_cliques /data1/wenqianz/com-youtube.edges 1 29,2025-09-01 16:07:08,23004.0,,119.0,0,544876,0,com-youtube
/data1/wenqianz/com-youtube.edges,30,1,./build/bin/degeneracy_cliques /data1/wenqianz/com-youtube.edges 1 30,2025-09-01 16:07:33,22609.5,,117.0,0,545004,0,com-youtube
/data1/wenqianz/com-youtube.edges,4,2,./build/bin/degeneracy_cliques /data1/wenqianz/com-youtube.edges 2 4,2025-09-01 16:07:57,23324.8,,15099.0,2555040,25524112,0,com-youtube
/data1/wenqianz/com-youtube.edges,5,2,./build/bin/degeneracy_cliques /data1/wenqianz/com-youtube.edges 2 5,2025-09-01 16:08:41,23182.0,,14264.0,2248530,22616232,0,com-youtube
/data1/wenqianz/com-youtube.edges,6,2,./build/bin/degeneracy_cliques /data1/wenqianz/com-youtube.edges 2 6,2025-09-01 16:09:24,22577.8,,11015.0,1640724,16723284,0,com-youtube
/data1/wenqianz/com-youtube.edges,7,2,./build/bin/degeneracy_cliques /data1/wenqianz/com-youtube.edges 2 7,2025-09-01 16:10:01,23054.0,,8172.0,1051537,10977636,0,com-youtube
/data1/wenqianz/com-youtube.edges,8,2,./build/bin/degeneracy_cliques /data1/wenqianz/com-youtube.edges 2 8,2025-09-01 16:10:36,22582.9,,4640.0,606659,6629940,0,com-youtube
/data1/wenqianz/com-youtube.edges,9,2,./build/bin/degeneracy_cliques /data1/wenqianz/com-youtube.edges 2 9,2025-09-01 16:11:07,23494.8,,2906.0,316242,3775584,0,com-youtube
/data1/wenqianz/com-youtube.edges,10,2,./build/bin/degeneracy_cliques /data1/wenqianz/com-youtube.edges 2 10,2025-09-01 16:11:36,22216.5,,1706.0,147090,2111332,0,com-youtube
/data1/wenqianz/com-youtube.edges,11,2,./build/bin/degeneracy_cliques /data1/wenqianz/com-youtube.edges 2 11,2025-09-01 16:12:02,22224.0,,833.0,60952,1261244,0,com-youtube
/data1/wenqianz/com-youtube.edges,12,2,./build/bin/degeneracy_cliques /data1/wenqianz/com-youtube.edges 2 12,2025-09-01 16:12:28,22993.6,,552.0,22045,876564,0,com-youtube
/data1/wenqianz/com-youtube.edges,13,2,./build/bin/degeneracy_cliques /data1/wenqianz/com-youtube.edges 2 13,2025-09-01 16:12:53,22541.8,,435.0,6911,798864,0,com-youtube
/data1/wenqianz/com-youtube.edges,14,2,./build/bin/degeneracy_cliques /data1/wenqianz/com-youtube.edges 2 14,2025-09-01 16:13:19,21905.0,,400.0,1703,796452,0,com-youtube
/data1/wenqianz/com-youtube.edges,15,2,./build/bin/degeneracy_cliques /data1/wenqianz/com-youtube.edges 2 15,2025-09-01 16:13:43,23027.2,,384.0,303,725516,0,com-youtube
/data1/wenqianz/com-youtube.edges,16,2,./build/bin/degeneracy_cliques /data1/wenqianz/com-youtube.edges 2 16,2025-09-01 16:14:08,22578.8,,383.0,50,725212,0,com-youtube
/data1/wenqianz/com-youtube.edges,17,2,./build/bin/degeneracy_cliques /data1/wenqianz/com-youtube.edges 2 17,2025-09-01 16:14:33,22793.7,,391.0,2,725184,0,com-youtube
/data1/wenqianz/com-youtube.edges,18,2,./build/bin/degeneracy_cliques /data1/wenqianz/com-youtube.edges 2 18,2025-09-01 16:14:59,24636.3,,385.0,0,725168,0,com-youtube
/data1/wenqianz/com-youtube.edges,19,2,./build/bin/degeneracy_cliques /data1/wenqianz/com-youtube.edges 2 19,2025-09-01 16:15:26,23732.9,,351.0,0,725188,0,com-youtube
/data1/wenqianz/com-youtube.edges,20,2,./build/bin/degeneracy_cliques /data1/wenqianz/com-youtube.edges 2 20,2025-09-01 16:15:52,22789.2,,378.0,0,725092,0,com-youtube
/data1/wenqianz/com-youtube.edges,21,2,./build/bin/degeneracy_cliques /data1/wenqianz/com-youtube.edges 2 21,2025-09-01 16:16:18,22688.4,,360.0,0,725236,0,com-youtube
/data1/wenqianz/com-youtube.edges,22,2,./build/bin/degeneracy_cliques /data1/wenqianz/com-youtube.edges 2 22,2025-09-01 16:16:42,23470.7,,348.0,0,725164,0,com-youtube
/data1/wenqianz/com-youtube.edges,23,2,./build/bin/degeneracy_cliques /data1/wenqianz/com-youtube.edges 2 23,2025-09-01 16:17:09,24694.9,,405.0,0,725236,0,com-youtube
/data1/wenqianz/com-youtube.edges,24,2,./build/bin/degeneracy_cliques /data1/wenqianz/com-youtube.edges 2 24,2025-09-01 16:17:36,25450.2,,497.0,0,725188,0,com-youtube
/data1/wenqianz/com-youtube.edges,25,2,./build/bin/degeneracy_cliques /data1/wenqianz/com-youtube.edges 2 25,2025-09-01 16:18:04,26226.8,,443.0,0,725196,0,com-youtube
/data1/wenqianz/com-youtube.edges,26,2,./build/bin/degeneracy_cliques /data1/wenqianz/com-youtube.edges 2 26,2025-09-01 16:18:33,25175.2,,385.0,0,725224,0,com-youtube
/data1/wenqianz/com-youtube.edges,27,2,./build/bin/degeneracy_cliques /data1/wenqianz/com-youtube.edges 2 27,2025-09-01 16:19:01,26200.4,,444.0,0,725212,0,com-youtube
/data1/wenqianz/com-youtube.edges,28,2,./build/bin/degeneracy_cliques /data1/wenqianz/com-youtube.edges 2 28,2025-09-01 16:19:30,24786.9,,386.0,0,725196,0,com-youtube
/data1/wenqianz/com-youtube.edges,29,2,./build/bin/degeneracy_cliques /data1/wenqianz/com-youtube.edges 2 29,2025-09-01 16:19:58,27420.5,,634.0,0,725232,0,com-youtube
/data1/wenqianz/com-youtube.edges,30,2,./build/bin/degeneracy_cliques /data1/wenqianz/com-youtube.edges 2 30,2025-09-01 16:20:28,28110.8,,439.0,0,725196,0,com-youtube
/data1/wenqianz/com-youtube.edges,4,3,./build/bin/degeneracy_cliques /data1/wenqianz/com-youtube.edges 3 4,2025-09-01 16:20:59,25667.5,572.546,31838.0,2555040,2133088,0,com-youtube
/data1/wenqianz/com-youtube.edges,5,3,./build/bin/degeneracy_cliques /data1/wenqianz/com-youtube.edges 3 5,2025-09-01 16:22:00,27146.7,474.095,47569.0,2248530,3821696,0,com-youtube
/data1/wenqianz/com-youtube.edges,6,3,./build/bin/degeneracy_cliques /data1/wenqianz/com-youtube.edges 3 6,2025-09-01 16:23:18,22379.3,333.034,39422.0,1640724,5249416,0,com-youtube
/data1/wenqianz/com-youtube.edges,7,3,./build/bin/degeneracy_cliques /data1/wenqianz/com-youtube.edges 3 7,2025-09-01 16:24:24,24237.5,248.812,29077.0,1051537,4398248,0,com-youtube
/data1/wenqianz/com-youtube.edges,8,3,./build/bin/degeneracy_cliques /data1/wenqianz/com-youtube.edges 3 8,2025-09-01 16:25:20,23949.8,181.272,17394.0,606659,2914956,0,com-youtube
/data1/wenqianz/com-youtube.edges,9,3,./build/bin/degeneracy_cliques /data1/wenqianz/com-youtube.edges 3 9,2025-09-01 16:26:04,22429.9,122.796,8896.0,316242,1835824,0,com-youtube
/data1/wenqianz/com-youtube.edges,10,3,./build/bin/degeneracy_cliques /data1/wenqianz/com-youtube.edges 3 10,2025-09-01 16:26:37,22177.0,91.4884,4577.0,147090,1188600,0,com-youtube
/data1/wenqianz/com-youtube.edges,11,3,./build/bin/degeneracy_cliques /data1/wenqianz/com-youtube.edges 3 11,2025-09-01 16:27:06,22401.8,76.2197,2005.0,60952,838964,0,com-youtube
/data1/wenqianz/com-youtube.edges,12,3,./build/bin/degeneracy_cliques /data1/wenqianz/com-youtube.edges 3 12,2025-09-01 16:27:32,22069.2,69.8575,815.0,22045,685452,0,com-youtube
/data1/wenqianz/com-youtube.edges,13,3,./build/bin/degeneracy_cliques /data1/wenqianz/com-youtube.edges 3 13,2025-09-01 16:27:57,21814.1,66.757,324.0,6911,636680,0,com-youtube
/data1/wenqianz/com-youtube.edges,14,3,./build/bin/degeneracy_cliques /data1/wenqianz/com-youtube.edges 3 14,2025-09-01 16:28:21,22015.3,65.7432,137.0,1703,634444,0,com-youtube
/data1/wenqianz/com-youtube.edges,15,3,./build/bin/degeneracy_cliques /data1/wenqianz/com-youtube.edges 3 15,2025-09-01 16:28:45,21678.5,64.9658,80.0,303,633584,0,com-youtube
/data1/wenqianz/com-youtube.edges,16,3,./build/bin/degeneracy_cliques /data1/wenqianz/com-youtube.edges 3 16,2025-09-01 16:29:08,22335.2,65.7563,68.0,50,633516,0,com-youtube
/data1/wenqianz/com-youtube.edges,17,3,./build/bin/degeneracy_cliques /data1/wenqianz/com-youtube.edges 3 17,2025-09-01 16:29:33,22042.8,66.2222,66.0,2,633444,0,com-youtube
/data1/wenqianz/com-youtube.edges,18,3,./build/bin/degeneracy_cliques /data1/wenqianz/com-youtube.edges 3 18,2025-09-01 16:29:57,22012.7,65.9187,65.0,0,633536,0,com-youtube
/data1/wenqianz/com-youtube.edges,19,3,./build/bin/degeneracy_cliques /data1/wenqianz/com-youtube.edges 3 19,2025-09-01 16:30:21,21710.8,65.4932,65.0,0,633544,0,com-youtube
/data1/wenqianz/com-youtube.edges,20,3,./build/bin/degeneracy_cliques /data1/wenqianz/com-youtube.edges 3 20,2025-09-01 16:30:45,21955.5,65.5375,65.0,0,633576,0,com-youtube
/data1/wenqianz/com-youtube.edges,21,3,./build/bin/degeneracy_cliques /data1/wenqianz/com-youtube.edges 3 21,2025-09-01 16:31:09,22257.4,69.2974,69.0,0,633624,0,com-youtube
/data1/wenqianz/com-youtube.edges,22,3,./build/bin/degeneracy_cliques /data1/wenqianz/com-youtube.edges 3 22,2025-09-01 16:31:33,22210.3,67.7824,67.0,0,633564,0,com-youtube
/data1/wenqianz/com-youtube.edges,23,3,./build/bin/degeneracy_cliques /data1/wenqianz/com-youtube.edges 3 23,2025-09-01 16:31:58,22007.1,69.1199,69.0,0,633472,0,com-youtube
/data1/wenqianz/com-youtube.edges,24,3,./build/bin/degeneracy_cliques /data1/wenqianz/com-youtube.edges 3 24,2025-09-01 16:32:22,22073.2,65.6614,65.0,0,633488,0,com-youtube
/data1/wenqianz/com-youtube.edges,25,3,./build/bin/degeneracy_cliques /data1/wenqianz/com-youtube.edges 3 25,2025-09-01 16:32:47,22396.8,66.2982,66.0,0,633504,0,com-youtube
/data1/wenqianz/com-youtube.edges,26,3,./build/bin/degeneracy_cliques /data1/wenqianz/com-youtube.edges 3 26,2025-09-01 16:33:11,22328.6,74.3339,74.0,0,633528,0,com-youtube
/data1/wenqianz/com-youtube.edges,27,3,./build/bin/degeneracy_cliques /data1/wenqianz/com-youtube.edges 3 27,2025-09-01 16:33:36,22112.6,70.031,70.0,0,633436,0,com-youtube
/data1/wenqianz/com-youtube.edges,28,3,./build/bin/degeneracy_cliques /data1/wenqianz/com-youtube.edges 3 28,2025-09-01 16:34:00,22042.2,66.404,66.0,0,633476,0,com-youtube
/data1/wenqianz/com-youtube.edges,29,3,./build/bin/degeneracy_cliques /data1/wenqianz/com-youtube.edges 3 29,2025-09-01 16:34:25,22078.7,66.5177,66.0,0,633516,0,com-youtube
/data1/wenqianz/com-youtube.edges,30,3,./build/bin/degeneracy_cliques /data1/wenqianz/com-youtube.edges 3 30,2025-09-01 16:34:49,22028.7,66.581,66.0,0,633524,0,com-youtube
